,char,movie,mbti,votes
0,Miguel O’Hara “Spider-Man 2099”,Spider-Man: Into the Spider-Verse (2018),ISTJ,5.1k Pdb Votes
1,Miles Morales “Spider-Man”,Spider-Man: Into the Spider-Verse (2018),ISFP,3.4k Pdb Votes
2,Peter Parker “Spider-Man”,The Amazing Spider-Man Duology,ISTP,2.7k Pdb Votes
3,Peter Parker “Spider-Man”,The Spider-Man Trilogy (2002),INFP,2.2k Pdb Votes
4,"Gwendolyn ""Gwen"" Stacy ""Spider-Woman""",Spider-Man: Into the Spider-Verse (2018),ISTP,2.2k Pdb Votes
5,"Harry Osborn ""Green Goblin""",The Amazing Spider-Man Duology,INFP,417 Pdb Votes
6,Peter B. Parker “Spider-Man”,Spider-Man: Into the Spider-Verse (2018),INTP,1.7k Pdb Votes
7,"Gwendolyn ""Gwen"" Stacy",The Amazing Spider-Man Duology,ENFJ,762 Pdb Votes
8,Venom,Venom (2018),ESTP,1.3k Pdb Votes
9,J. Jonah Jameson,The Spider-Man Trilogy (2002),ESTJ,672 Pdb Votes
10,Peter Parker “Spider-Man Noir”,Spider-Man: Into the Spider-Verse (2018),ISTP,560 Pdb Votes
11,Max Dillon “Electro”,The Amazing Spider-Man Duology,ISFP,411 Pdb Votes
12,Norman Osborn,The Spider-Man Trilogy (2002),ENTJ,733 Pdb Votes
13,"Peni Parker ""SP//dr""",Spider-Man: Into the Spider-Verse (2018),ENFP,642 Pdb Votes
14,Harry Osborn,The Spider-Man Trilogy (2002),ESFP,538 Pdb Votes
15,Mary Jane Watson,The Spider-Man Trilogy (2002),ISFP,747 Pdb Votes
16,May Parker,The Amazing Spider-Man Duology,ISFJ,54 Pdb Votes
17,Carnage,Venom (2018),ISTP,200 Pdb Votes
18,Flash Thompson,The Spider-Man Trilogy (2002),ESTP,52 Pdb Votes
19,Olivia&nbsp;Octavius,Spider-Man: Into the Spider-Verse (2018),ENTP,470 Pdb Votes
20,Curt Connors “The Lizard”,The Amazing Spider-Man Duology,INTJ,227 Pdb Votes
21,Eddie Brock “Venom”,The Spider-Man Trilogy (2002),ESFP,261 Pdb Votes
22,Flint Marko “Sandman”,The Spider-Man Trilogy (2002),ISFP,233 Pdb Votes
23,Jorge,The Amazing Spider-Man Duology,INTP,4 Pdb Votes
24,Richard Parker,The Amazing Spider-Man Duology,INTJ,27 Pdb Votes
25,Jefferson Morales,Spider-Man: Into the Spider-Verse (2018),ESTJ,269 Pdb Votes
26,Aaron Davis “The Prowler”,Spider-Man: Into the Spider-Verse (2018),ISTP,215 Pdb Votes
27,Ben Parker,The Spider-Man Trilogy (2002),ENFJ,166 Pdb Votes
28,"Eddie Brock ""Venom""",Venom (2018),ISFP,608 Pdb Votes
29,Dr. Otto Octavius “Doctor Octopus”,The Spider-Man Trilogy (2002),INTJ,885 Pdb Votes
30,Nightmare Spider Miles,The Spider Within: A Spider-Verse Story,XXXX,1 Pdb Vote
31,Peter A. Parker “Spider-Man” (Earth-1610),Spider-Man: Into the Spider-Verse (2018),ENFJ,54 Pdb Votes
32,Green Goblin (Personality),The Spider-Man Trilogy (2002),ESTP,292 Pdb Votes
33,"Eugene ""Flash"" Thompson",The Amazing Spider-Man Duology,ESTP,58 Pdb Votes
34,Rio Morales,Spider-Man: Into the Spider-Verse (2018),ESFJ,96 Pdb Votes
35,Dennis Carradine,The Spider-Man Trilogy (2002),XXXX,18 Pdb Votes
36,Ursula Ditkovich,The Spider-Man Trilogy (2002),ISFJ,99 Pdb Votes
37,Mr. Ditkovich,The Spider-Man Trilogy (2002),ESFJ,51 Pdb Votes
38,Dora Skirth,Venom (2018),INTP,98 Pdb Votes
39,Felicia Hardy,The Amazing Spider-Man Duology,INTP,67 Pdb Votes
40,Cletus Kasady,Venom (2018),ENFP,245 Pdb Votes
41,Ben Parker,The Amazing Spider-Man Duology,INFJ,84 Pdb Votes
42,"May Parker ""Aunt May""",The Spider-Man Trilogy (2002),ISFJ,189 Pdb Votes
43,Anne Weying,Venom (2018),ENFJ,109 Pdb Votes
44,Captain George Stacy,The Amazing Spider-Man Duology,ESTJ,89 Pdb Votes
45,Columbia University (Spiderman),The Spider-Man Trilogy (2002),XXXX,3 Pdb Votes
46,(New Character Placeholder),Spider-Man: Beyond the Spider-Verse (2024),XXXX,2 Pdb Votes
47,"Norman Osborn ""Green Goblin""",Spider-Man: Into the Spider-Verse (2018),XXXX,2 Pdb Votes
48,C. Salas,Spider-Man: Into the Spider-Verse (2018),XXXX,2 Pdb Votes
49,Ms. Calleros,Spider-Man: Into the Spider-Verse (2018),ENTJ,4 Pdb Votes
50,Vanessa Fisk,Spider-Man: Into the Spider-Verse (2018),ISFJ,41 Pdb Votes
51,"Lonnie Lincoln ""Tombstone""",Spider-Man: Into the Spider-Verse (2018),XXXX,21 Pdb Votes
52,"Maximus Gargan ""Scorpion""",Spider-Man: Into the Spider-Verse (2018),XXXX,8 Pdb Votes
53,Captain George Stacy,The Spider-Man Trilogy (2002),INFP,32 Pdb Votes
54,Spider-Man (Persona),The Amazing Spider-Man Duology,ENTP,14 Pdb Votes
55,The Symbiote,The Spider-Man Trilogy (2002),ENTP,11 Pdb Votes
56,Scientist Lady,The Spider-Man Trilogy (2002),ESFP,16 Pdb Votes
57,Doc Ock's arms,The Spider-Man Trilogy (2002),ESTJ,11 Pdb Votes
58,Rosalie Octavius,The Spider-Man Trilogy (2002),INFJ,10 Pdb Votes
59,T-Bone,The Amazing Spider-Man Duology,ENTJ,18 Pdb Votes
60,Lady  with a Violin,The Spider-Man Trilogy (2002),ENFP,5 Pdb Votes
61,Alistair Smythe,The Amazing Spider-Man Duology,ENTJ,12 Pdb Votes
62,Dr. Kafka,The Amazing Spider-Man Duology,INTP,4 Pdb Votes
63,Bernard Houseman,The Spider-Man Trilogy (2002),ISFJ,3 Pdb Votes
64,Helen Stacy,The Amazing Spider-Man Duology,ISFJ,4 Pdb Votes
65,Simon Stacy,The Amazing Spider-Man Duology,ENTP,21 Pdb Votes
66,Philip Stacy,The Amazing Spider-Man Duology,ESTP,65 Pdb Votes
67,Rajit Ratha,The Amazing Spider-Man Duology,ESTJ,5 Pdb Votes
68,Howard Stacy,The Amazing Spider-Man Duology,ISTP,29 Pdb Votes
69,Missy Kallenback,The Amazing Spider-Man Duology,INFP,18 Pdb Votes
70,Mrs. Chen,Venom (2018),INFJ,18 Pdb Votes
71,Gustav Fiers,The Amazing Spider-Man Duology,INTJ,18 Pdb Votes
72,Little Crook,The Spider-Man Trilogy (2002),ENTP,14 Pdb Votes
73,Henry Jackson,The Spider-Man Trilogy (2002),INFJ,24 Pdb Votes
74,Henry Balkan,The Spider-Man Trilogy (2002),ISTJ,18 Pdb Votes
75,Mendel Stromm,The Spider-Man Trilogy (2002),INTP,14 Pdb Votes
76,General Slocum,The Spider-Man Trilogy (2002),ESTJ,14 Pdb Votes
77,The French Maitre,The Spider-Man Trilogy (2002),ESFJ,36 Pdb Votes
78,Snooty Usher,The Spider-Man Trilogy (2002),ISTJ,29 Pdb Votes
79,Ring Announcer,The Spider-Man Trilogy (2002),ENTP,29 Pdb Votes
80,"Aleksei Sytsevich ""Rhino""",The Amazing Spider-Man Duology,ESTP,59 Pdb Votes
81,Patrick Mulligan,Venom (2018),ISTP,30 Pdb Votes
82,Frances Barrison / Shriek,Venom (2018),ESFP,23 Pdb Votes
83,Dan Lewis,Venom (2018),ISFJ,42 Pdb Votes
84,Mary Jane Parker,Spider-Man: Into the Spider-Verse (2018),ISFJ,43 Pdb Votes
85,Mr. Aziz,The Spider-Man Trilogy (2002),ISTJ,47 Pdb Votes
86,"Joseph ""Robbie"" Robertson",The Spider-Man Trilogy (2002),ISFJ,29 Pdb Votes
87,Ted Hoffman,The Spider-Man Trilogy (2002),INTP,76 Pdb Votes
88,Betty Brant,The Spider-Man Trilogy (2002),ESFJ,10 Pdb Votes
89,Bone Saw McGraw,The Spider-Man Trilogy (2002),ESTP,95 Pdb Votes
90,Dr. Curt Connors,The Spider-Man Trilogy (2002),ISTJ,93 Pdb Votes
91,Riot,Venom (2018),ENTJ,161 Pdb Votes
92,Donald Menken,The Amazing Spider-Man Duology,ISTJ,263 Pdb Votes
93,"Gwendolyn ""Gwen"" Stacy",The Spider-Man Trilogy (2002),ENFJ,262 Pdb Votes
94,May Parker,Spider-Man: Into the Spider-Verse (2018),INFJ,0
95,Peter Porker “Spider-Ham”,Spider-Man: Into the Spider-Verse (2018),ENFP,0
96,Wilson Fisk “Kingpin”,Spider-Man: Into the Spider-Verse (2018),ENTJ,0
97,Carlton Drake,Venom (2018),ENTJ,0
98,Peter Maximoff “Quicksilver”,X-Men Cinematic Universe (2011-2020),ENTP,1.3k Pdb Votes
99,Wade Wilson “Deadpool”,Deadpool (2016),ENTP,3k Pdb Votes
100,"Logan ""Wolverine""",X-Men Cinematic Universe (2000-2009),ISTP,1.2k Pdb Votes
101,Erik Lehnsherr/Magneto (First Class),X-Men Cinematic Universe (2011-2020),INTJ,891 Pdb Votes
102,Charles Xavier (First Class),X-Men Cinematic Universe (2011-2020),INFJ,956 Pdb Votes
103,Vanessa Carlysle,Deadpool (2016),INFJ,309 Pdb Votes
104,Charles Xavier “Professor X”,X-Men Cinematic Universe (2000-2009),INFJ,594 Pdb Votes
105,Jean Grey (Phoenix),X-Men Cinematic Universe (2000-2009),ENFJ,262 Pdb Votes
106,Erik Lehnsherr “Magneto”,X-Men Cinematic Universe (2000-2009),INTJ,821 Pdb Votes
107,Yukio,Deadpool (2016),ENFP,112 Pdb Votes
108,Raven Darkhölme/Mystique (First Class),X-Men Cinematic Universe (2011-2020),ESFP,261 Pdb Votes
109,Wade Wilson “Deadpool”,X-Men Cinematic Universe (2000-2009),ENTP,69 Pdb Votes
110,Danielle Moonstar “Mirage”,X-Men Cinematic Universe (2011-2020),INFP,99 Pdb Votes
111,Kayla Silverfox,X-Men Cinematic Universe (2000-2009),ENFJ,20 Pdb Votes
112,Illyana Rasputin “Magik”,X-Men Cinematic Universe (2011-2020),ENTP,421 Pdb Votes
113,"Norin Radd ""Silver Surfer""",Fantastic Four (2005),INFP,42 Pdb Votes
114,"Johnny Storm ""Human Torch""",Fantastic Four (2005),ESTP,113 Pdb Votes
115,Sebastian Shaw,X-Men Cinematic Universe (2011-2020),ENTJ,105 Pdb Votes
116,Vuk,X-Men Cinematic Universe (2011-2020),INTJ,42 Pdb Votes
117,Donald Pierce,X-Men Cinematic Universe (2011-2020),ESTP,49 Pdb Votes
118,Victor Creed “Sabretooth”,X-Men Cinematic Universe (2000-2009),ESTP,55 Pdb Votes
119,Remy LeBeau “Gambit”,X-Men Cinematic Universe (2000-2009),ESTP,64 Pdb Votes
120,Laura Kinney “X-23”,X-Men Cinematic Universe (2011-2020),ISTP,147 Pdb Votes
121,Francis Freeman “Ajax”,Deadpool (2016),ISTP,202 Pdb Votes
122,Hank McCoy “Beast”,X-Men Cinematic Universe (2011-2020),INTP,272 Pdb Votes
123,Emma Frost,X-Men Cinematic Universe (2011-2020),ENTJ,165 Pdb Votes
124,Negasonic Teenage Warhead,Deadpool (2016),ISTP,154 Pdb Votes
125,Pietr Rasputin “Colossus”,Deadpool (2016),ISFJ,200 Pdb Votes
126,Raven Darkhölme “Mystique”,X-Men Cinematic Universe (2000-2009),ISTP,192 Pdb Votes
127,Lady Deathstrike,X-Men Cinematic Universe (2000-2009),ISTJ,15 Pdb Votes
128,John Wraith,X-Men Cinematic Universe (2000-2009),ESFJ,8 Pdb Votes
129,Chris Bradley,X-Men Cinematic Universe (2000-2009),INFP,11 Pdb Votes
130,"Roberto Da Costa ""Sunspot""",X-Men Cinematic Universe (2011-2020),ESFP,42 Pdb Votes
131,"Sam Guthrie ""Cannonball""",X-Men Cinematic Universe (2011-2020),INFP,50 Pdb Votes
132,X-24 (Wolverine Clone),X-Men Cinematic Universe (2011-2020),ISTP,39 Pdb Votes
133,Mariko Yashida,X-Men Cinematic Universe (2011-2020),ISFP,10 Pdb Votes
134,Caliban,X-Men Cinematic Universe (2011-2020),INTP,42 Pdb Votes
135,"Victor von Doom ""Doctor Doom""",Fantastic Four (2005),ENTJ,64 Pdb Votes
136,William Stryker,X-Men Cinematic Universe (2000-2009),ESTJ,33 Pdb Votes
137,Jean Grey (First Class),X-Men Cinematic Universe (2011-2020),ISFP,186 Pdb Votes
138,Jamie Madrox “Multiple Man”,X-Men Cinematic Universe (2000-2009),ESTP,17 Pdb Votes
139,"Cain Marko ""Juggernaut""",X-Men Cinematic Universe (2000-2009),ESTP,32 Pdb Votes
140,Firefist,Deadpool (2016),ISFP,180 Pdb Votes
141,Weasel,Deadpool (2016),ENTP,120 Pdb Votes
142,Kurt Wagner “Nightcrawler”,X-Men Cinematic Universe (2011-2020),INFP,141 Pdb Votes
143,Anna Marie “Rogue”,X-Men Cinematic Universe (2000-2009),INFP,213 Pdb Votes
144,Scott Summers “Cyclops”,X-Men Cinematic Universe (2000-2009),ISTJ,176 Pdb Votes
145,Armando Muñoz “Darwin”,X-Men Cinematic Universe (2011-2020),XXXX,1 Pdb Vote
146,Elektra,Deadpool 3,XXXX,3 Pdb Votes
147, ,New Mutants (2020),XXXX,14 Pdb Votes
148,"Cain Marko ""Juggernaut""",Deadpool (2016),ESTP,7 Pdb Votes
149,General Hager,Fantastic Four (2005),XXXX,2 Pdb Votes
150,Ned Cecil,Fantastic Four (2005),XXXX,2 Pdb Votes
151,Nurse Kelly,Fantastic Four (2005),XXXX,8 Pdb Votes
152,Willie Lumpkin,Fantastic Four (2005),XXXX,10 Pdb Votes
153,Axel “Zeitgeist” Cluney,Deadpool (2016),XXXX,13 Pdb Votes
154,Vanisher,Deadpool (2016),INTP,8 Pdb Votes
155,Rusty “Shatterstar”,Deadpool (2016),ESFP,4 Pdb Votes
156,Jesse “Bedlam” Aaronson,Deadpool (2016),ESTP,8 Pdb Votes
157,Peter W. “Sugarbear”,Deadpool (2016),ESFJ,10 Pdb Votes
158,Peter Rasputin “Colossus”,X-Men Cinematic Universe (2000-2009),ISFJ,8 Pdb Votes
159,Lucas Bishop “Bishop”,X-Men Cinematic Universe (2011-2020),INFJ,8 Pdb Votes
160,Toad,X-Men Cinematic Universe (2000-2009),ESTP,25 Pdb Votes
161,Sentinels,X-Men Cinematic Universe (2011-2020),ISTP,42 Pdb Votes
162,Deadpool (Movie Series),Deadpool (2016),ENTP,58 Pdb Votes
163,Agent Zero,X-Men Cinematic Universe (2000-2009),ISTP,11 Pdb Votes
164,Chris Bradley,X-Men Cinematic Universe (2011-2020),INFP,17 Pdb Votes
165,Janos Quested “Riptide”,X-Men Cinematic Universe (2011-2020),ISTJ,10 Pdb Votes
166,Azazel,X-Men Cinematic Universe (2011-2020),ISTP,31 Pdb Votes
167,Dr. Cecilia Reyes,X-Men Cinematic Universe (2011-2020),ISFJ,54 Pdb Votes
168,"Rahne Sinclair ""Wolfsbane""",X-Men Cinematic Universe (2011-2020),ISFP,21 Pdb Votes
169,"Franklin ""Foggy"" Nelson",Daredevil (2003),ENTP,11 Pdb Votes
170,Bullseye,Daredevil (2003),ESTP,41 Pdb Votes
171,Wilson Fisk / Kingpin,Daredevil (2003),ENTJ,10 Pdb Votes
172,Elektra Natchios,Daredevil (2003),ISFP,5 Pdb Votes
173,Matt Murdock / Daredevil,Daredevil (2003),INTJ,36 Pdb Votes
174,Senator Robert Kelly,X-Men Cinematic Universe (2000-2009),ESTJ,19 Pdb Votes
175,Blob,X-Men Cinematic Universe (2011-2020),ISFP,20 Pdb Votes
176,"Sean Cassidy ""Banshee""",X-Men Cinematic Universe (2011-2020),ESFP,16 Pdb Votes
177,Dr. Zander Rice,X-Men Cinematic Universe (2011-2020),ESTJ,51 Pdb Votes
178,Dr Harvey Allen,Fantastic Four (2015),XXXX,15 Pdb Votes
179,Dr Franklin Storm,Fantastic Four (2015),ENFJ,2 Pdb Votes
180,Victor von Doom “Doctor Doom”,Fantastic Four (2015),INTJ,6 Pdb Votes
181,"Ben Grimm ""The Thing""",Fantastic Four (2015),ISTP,12 Pdb Votes
182,"Sue Storm ""Invisible Woman""",Fantastic Four (2015),INFJ,8 Pdb Votes
183,"Johnny Storm ""Human Torch""",Fantastic Four (2015),ESTP,36 Pdb Votes
184,"Reed Richards ""Mr Fantastic""",Fantastic Four (2015),INTP,7 Pdb Votes
185,Alicia Masters,Fantastic Four (2005),ENFJ,24 Pdb Votes
186,Captain Frankie Raye,Fantastic Four (2005),ISTJ,50 Pdb Votes
187,Noburo Mori,X-Men Cinematic Universe (2011-2020),INTP,47 Pdb Votes
188,Ichirō Yashida “Silver Samurai”,X-Men Cinematic Universe (2011-2020),ENTJ,53 Pdb Votes
189,Shingen Yashida,X-Men Cinematic Universe (2011-2020),ESTJ,90 Pdb Votes
190,Yukio,X-Men Cinematic Universe (2011-2020),ENFP,79 Pdb Votes
191,Kenuichio Harada,X-Men Cinematic Universe (2011-2020),ISTP,0
192,"Ophelia Sarkissian ""Dr. Green""/""Viper""",X-Men Cinematic Universe (2011-2020),XXXX,0
193,Bolivar Trask,X-Men Cinematic Universe (2011-2020),INTJ,0
194,"Ben Grimm ""The Thing""",Fantastic Four (2005),ISFP,0
195,"Sue Storm ""Invisible Woman""",Fantastic Four (2005),ENFJ,0
196,"Reed Richards ""Mr. Fantastic""",Fantastic Four (2005),INTP,0
197,Kurt Wagner “Nightcrawler”,X-Men Cinematic Universe (2000-2009),INFP,0
198,Jubilation Lee “Jubilee”,X-Men Cinematic Universe (2011-2020),ESFP,42 Pdb Votes
199,"Ororo Munroe ""Storm""",X-Men Cinematic Universe (2011-2020),ISTP,31 Pdb Votes
200,Scott Summers/Cyclops (First Class),X-Men Cinematic Universe (2011-2020),ISTJ,66 Pdb Votes
201,Moira MacTaggert,X-Men Cinematic Universe (2011-2020),ISTJ,46 Pdb Votes
202,Dopinder,Deadpool (2016),INFP,94 Pdb Votes
203,Callisto,X-Men Cinematic Universe (2000-2009),ISTP,15 Pdb Votes
204,Angel Salvadore “Tempest”,X-Men Cinematic Universe (2011-2020),ESFP,38 Pdb Votes
205,Blind Al,Deadpool (2016),ESTP,57 Pdb Votes
206,Domino,Deadpool (2016),ISTP,133 Pdb Votes
207,Cable,Deadpool (2016),ESTJ,130 Pdb Votes
208,Warren Worthington III “Angel”,X-Men Cinematic Universe (2000-2009),ISFP,40 Pdb Votes
209,Elizabeth Braddock “Psylocke”,X-Men Cinematic Universe (2011-2020),INTJ,92 Pdb Votes
210,John Allerdyce “Pyro”,X-Men Cinematic Universe (2000-2009),ESTP,71 Pdb Votes
211,Bobby Drake “Iceman”,X-Men Cinematic Universe (2000-2009),ISFP,97 Pdb Votes
212,Clarice Ferguson “Blink”,X-Men Cinematic Universe (2011-2020),ENFP,40 Pdb Votes
213,Alex Summers “Havok”,X-Men Cinematic Universe (2011-2020),ESTP,80 Pdb Votes
214,En Sabah Nur “Apocalypse”,X-Men Cinematic Universe (2011-2020),ENTJ,119 Pdb Votes
215,Angel Dust,Deadpool (2016),ISTP,46 Pdb Votes
216,Kitty Pryde “Shadowcat”,X-Men Cinematic Universe (2011-2020),INFP,93 Pdb Votes
217,Ororo Munroe “Storm”,X-Men Cinematic Universe (2000-2009),ISFJ,135 Pdb Votes
218,Harleen Quinzel “Harley Quinn”,DC Extended Universe,ENFP,3k Pdb Votes
219,The Joker,DC Extended Universe,ESTP,756 Pdb Votes
220,Clark Kent “Superman”,DC Extended Universe,ISFJ,786 Pdb Votes
221,Barry Allen “The Flash”,DC Extended Universe,INFP,987 Pdb Votes
222,Diana Prince “Wonder Woman”,DC Extended Universe,ENFJ,1.2k Pdb Votes
223,"Kent Nelson ""Doctor Fate""",DC Extended Universe,INFJ,393 Pdb Votes
224,Adrian Chase “Vigilante”,DC Extended Universe,ENFP,497 Pdb Votes
225,Christopher Smith “Peacemaker”,DC Extended Universe,ESTJ,679 Pdb Votes
226,Arthur Curry “Aquaman”,DC Extended Universe,ESTP,463 Pdb Votes
227,Lex Luthor,DC Extended Universe,ENTP,370 Pdb Votes
228,Milagro Reyes,Blue Beetle (2023),ENTP,53 Pdb Votes
229,"Jaime ""Blue Beetle"" Reyes",Blue Beetle (2023),ENFP,174 Pdb Votes
230,"Teth-Adam ""Black Adam""",DC Extended Universe,ISTP,522 Pdb Votes
231,August “Auggie” Smith,DC Extended Universe,ESTJ,104 Pdb Votes
232,Freddy Freeman,DC Extended Universe,ENTP,282 Pdb Votes
233,Bruce Wayne “Batman”,DC Extended Universe,INTJ,956 Pdb Votes
234,Akséll Joan,DC Extended Universe,ENTJ,5 Pdb Votes
235,Akzell Bdavo,DC Extended Universe,ENFJ,6 Pdb Votes
236,Uncle Rudy Reyes,Blue Beetle (2023),ENTP,55 Pdb Votes
237,Jenny Kord,Blue Beetle (2023),INFP,112 Pdb Votes
238,Hespera,DC Extended Universe,ENTJ,24 Pdb Votes
239,Cleo Cazo “Ratcatcher 2”,DC Extended Universe,INFP,581 Pdb Votes
240,Abner Krill “Polka-Dot Man”,DC Extended Universe,INFP,337 Pdb Votes
241,Gaius Grieves “The Thinker”,DC Extended Universe,INTP,151 Pdb Votes
242,Nanaue / King Shark,DC Extended Universe,ISFP,334 Pdb Votes
243,The Joker (Snydercut),DC Extended Universe,ENTP,144 Pdb Votes
244,Uxas “Darkseid”,DC Extended Universe,ENTJ,117 Pdb Votes
245,Helena Bertinelli “Huntress”,DC Extended Universe,INTJ,151 Pdb Votes
246,"Thaddeus Sivana ""Doctor Sivana""",DC Extended Universe,INTJ,133 Pdb Votes
247,"Orm Marius ""Ocean Master""",DC Extended Universe,ISTJ,105 Pdb Votes
248,Steppenwolf,DC Extended Universe,ESTJ,88 Pdb Votes
249,Steve Trevor,DC Extended Universe,ESTP,196 Pdb Votes
250,Floyd Lawton “Deadshot”,DC Extended Universe,ISTP,146 Pdb Votes
251,Colonel Nathan Hardy,DC Extended Universe,XXXX,1 Pdb Vote
252,King Ricou,Aquaman (2018),INFJ,2 Pdb Votes
253,"John Stewart ""Green Lantern""",Zack Snyder's Justice League (2021),ISTJ,29 Pdb Votes
254,Nam-Ek,DC Extended Universe,ESTP,13 Pdb Votes
255,Alberto “Roberto” Reyes,Blue Beetle (2023),ENFJ,24 Pdb Votes
256,Rocio Reyes,Blue Beetle (2023),ESFJ,11 Pdb Votes
257,Nana,Blue Beetle (2023),ESTP,54 Pdb Votes
258,Dr. Sanchez,Blue Beetle (2023),INFP,20 Pdb Votes
259,Khaji-Da,Blue Beetle (2023),INTJ,17 Pdb Votes
260,Kalypso,DC Extended Universe,ESTJ,46 Pdb Votes
261,Anthea,DC Extended Universe,INFJ,29 Pdb Votes
262,Conrad Carapax,Blue Beetle (2023),ISTP,23 Pdb Votes
263,"Kara Zor-El ""Supergirl""",DC Extended Universe,ISFP,139 Pdb Votes
264,Shiruta,DC Extended Universe,XXXX,1 Pdb Vote
265,Hurut,DC Extended Universe,ENFJ,12 Pdb Votes
266,Shazam (Black Adam),DC Extended Universe,ISTJ,3 Pdb Votes
267,"Ishmael Gregor ""Sabbac""",DC Extended Universe,ENTJ,23 Pdb Votes
268,"Albert ""Al"" Pratt (Uncle Al)",DC Extended Universe,ENTJ,2 Pdb Votes
269,Samir,DC Extended Universe,XXXX,1 Pdb Vote
270,"Amon Tomaz ""Osiris""",DC Extended Universe,ENFP,30 Pdb Votes
271,Ahk-Ton,DC Extended Universe,ESTJ,6 Pdb Votes
272,Uncle Karim,DC Extended Universe,ENFP,5 Pdb Votes
273,Sabbac,DC Extended Universe,ENTJ,17 Pdb Votes
274,Victoria Kord,Blue Beetle (2023),ENTJ,38 Pdb Votes
275,"Maxine Hunkel ""Cyclone""",DC Extended Universe,ENFJ,69 Pdb Votes
276,"Adrianna Tomaz ""Isis""",DC Extended Universe,INFJ,21 Pdb Votes
277,"Carter Hall ""Hawkman""",DC Extended Universe,ISTJ,133 Pdb Votes
278,"Albert Rothstein ""Atom Smasher""",DC Extended Universe,ENFP,110 Pdb Votes
279,Detective Song,DC Extended Universe,ISTJ,14 Pdb Votes
280,John Economos,DC Extended Universe,INTP,80 Pdb Votes
281,Clemson Murn,DC Extended Universe,ISTJ,55 Pdb Votes
282,Leota Adebayo,DC Extended Universe,ENFP,59 Pdb Votes
283,Billy Batson,DC Extended Universe,ISFP,120 Pdb Votes
284,Camila,DC Extended Universe,ESFJ,2 Pdb Votes
285,"Otis Flannegan ""Ratcatcher""",DC Extended Universe,INFJ,213 Pdb Votes
286,Milton,DC Extended Universe,ISFJ,14 Pdb Votes
287,Calendar Man,DC Extended Universe,ENTP,16 Pdb Votes
288,Sebastian,DC Extended Universe,ISFJ,96 Pdb Votes
289,Mateo Suárez,DC Extended Universe,ESTJ,8 Pdb Votes
290,Silvio Luna,DC Extended Universe,ENFJ,40 Pdb Votes
291,Starro,DC Extended Universe,ISFP,60 Pdb Votes
292,Cory Pitzner “T.D.K.”,DC Extended Universe,ENTP,28 Pdb Votes
293,Weasel,DC Extended Universe,ENTP,100 Pdb Votes
294,Mongal,DC Extended Universe,ESTP,12 Pdb Votes
295,Gunter Braun “Javelin”,DC Extended Universe,ESFP,21 Pdb Votes
296,Emilia Harcourt,DC Extended Universe,ISTP,122 Pdb Votes
297,Richard Hertz “Blackguard”,DC Extended Universe,ESFP,66 Pdb Votes
298,Brian Durlin “Savant”,DC Extended Universe,ISTP,69 Pdb Votes
299,Sol Soria,DC Extended Universe,ENFJ,10 Pdb Votes
300,Incubus,DC Extended Universe,ISFP,2 Pdb Votes
301,"Slade Wilson ""Deathstroke""",DC Extended Universe,ISTP,21 Pdb Votes
302,Calvin Swanwick “Martian Manhunter”,DC Extended Universe,INFJ,36 Pdb Votes
303,Desaad,DC Extended Universe,ISTJ,38 Pdb Votes
304,Ryan Choi (The Atom),DC Extended Universe,ENTP,20 Pdb Votes
305,Robert DuBois “Bloodsport”,DC Extended Universe,ISTP,283 Pdb Votes
306,Maxwell Lord IV,DC Extended Universe,ENTP,182 Pdb Votes
307,Barbara Minerva “Cheetah”,DC Extended Universe,ISFP,152 Pdb Votes
308,Ellen Yee,DC Extended Universe,XXXX,9 Pdb Votes
309,Pedro Peña,DC Extended Universe,ISTP,37 Pdb Votes
310,Jesse Kane,DC Extended Universe,ESTJ,10 Pdb Votes
311,King Nereus,DC Extended Universe,ESTJ,3 Pdb Votes
312,Silas Stone,DC Extended Universe,INTP,25 Pdb Votes
313,Chief,DC Extended Universe,INFP,3 Pdb Votes
314,Sameer,DC Extended Universe,ESFP,4 Pdb Votes
315,Charlie,DC Extended Universe,ENTP,19 Pdb Votes
316,Erich Ludendorff,DC Extended Universe,ENTJ,6 Pdb Votes
317,Antiope,DC Extended Universe,ENTJ,35 Pdb Votes
318,Senator June Finch,DC Extended Universe,ISTJ,3 Pdb Votes
319,Cassandra Cain,DC Extended Universe,ISTP,67 Pdb Votes
320,Etta Candy,DC Extended Universe,ESFJ,21 Pdb Votes
321,Victor Zsasz,DC Extended Universe,ESFP,51 Pdb Votes
322,"Dinah Lance ""Black Canary""",DC Extended Universe,ISTP,116 Pdb Votes
323,Renee Montoya,DC Extended Universe,ISTJ,53 Pdb Votes
324,Roman Sionis “Black Mask”,DC Extended Universe,ESTP,126 Pdb Votes
325,Thomas Curry,DC Extended Universe,ISFJ,30 Pdb Votes
326,"The Wizard ""Shazam""",DC Extended Universe,ISFP,162 Pdb Votes
327,Eugene Choi,DC Extended Universe,INTP,49 Pdb Votes
328,Darla Dudley,DC Extended Universe,ESFJ,70 Pdb Votes
329,Mary Bromfield,DC Extended Universe,INFJ,80 Pdb Votes
330,Shazam / Captain Sparkle Fingers,DC Extended Universe,ESFP,255 Pdb Votes
331,Black Manta,DC Extended Universe,ISTP,141 Pdb Votes
332,Nuidis Vulko,DC Extended Universe,INTP,53 Pdb Votes
333,Queen Atlanna,DC Extended Universe,ENFJ,51 Pdb Votes
334,Mera,DC Extended Universe,ISFP,185 Pdb Votes
335,Isabel Maru “Doctor Poison”,DC Extended Universe,INTP,95 Pdb Votes
336,Ares,DC Extended Universe,INTJ,93 Pdb Votes
337,James Gordon,DC Extended Universe,ISTJ,38 Pdb Votes
338,Hippolyta,DC Extended Universe,INFJ,58 Pdb Votes
339,"Victor Stone ""Cyborg""",DC Extended Universe,ISTJ,195 Pdb Votes
340,Doomsday,DC Extended Universe,ISTP,44 Pdb Votes
341,Faora-Ul,DC Extended Universe,ISTJ,39 Pdb Votes
342,Jonathan Kent,DC Extended Universe,INTP,60 Pdb Votes
343,"Christopher Weiss ""Slipknot""",DC Extended Universe,ISTP,28 Pdb Votes
344,"Tatsu Yamashiro ""Katana""",DC Extended Universe,ISTJ,87 Pdb Votes
345,June Moone “Enchantress”,DC Extended Universe,INFJ,99 Pdb Votes
346,Chato Santana “El Diablo”,DC Extended Universe,ISFP,108 Pdb Votes
347,"Waylon Jones ""Killer Croc""",DC Extended Universe,ESTP,59 Pdb Votes
348,Digger Harkness “Captain Boomerang”,DC Extended Universe,ESTP,126 Pdb Votes
349,Rick Flag,DC Extended Universe,ISTJ,311 Pdb Votes
350,Amanda Waller,DC Extended Universe,ENTJ,262 Pdb Votes
351,Alfred Pennyworth,DC Extended Universe,INTP,170 Pdb Votes
352,Jor-El,DC Extended Universe,ENFJ,77 Pdb Votes
353,Martha Kent,DC Extended Universe,ISFJ,40 Pdb Votes
354,Perry White,DC Extended Universe,ESTJ,34 Pdb Votes
355,"Dru-Zod ""General Zod""",DC Extended Universe,ESTJ,226 Pdb Votes
356,Lois Lane,DC Extended Universe,ENFP,200 Pdb Votes
357,Loki Laufeyson,MCU: The Villains,INFJ,7.3k Pdb Votes
358,Thor Odinson,MCU: The Heroes,ESTP,5.2k Pdb Votes
359,Tony Stark “Iron Man”,MCU: The Heroes,ENTP,6.5k Pdb Votes
360,"Steve Rogers ""Captain America""",MCU: The Heroes,ISFJ,3.6k Pdb Votes
361,Peter Parker / Spider-Man,MCU: The Heroes,ENFP,5k Pdb Votes
362,"Wanda Maximoff ""Scarlet Witch""",MCU: The Heroes,INFP,5.8k Pdb Votes
363,Thanos,MCU: The Villains,INTJ,3.5k Pdb Votes
364,"Stephen Strange ""Doctor Strange""",MCU: The Heroes,INTJ,5.2k Pdb Votes
365,Drax,MCU: The Heroes,ESTP,1.3k Pdb Votes
366,"Perter Quill ""Star-Lord""",MCU: The Heroes,ESFP,2.6k Pdb Votes
367,Rocket Raccoon,MCU: The Heroes,ESTP,2.5k Pdb Votes
368,Hulk,MCU: The Heroes,ISFP,924 Pdb Votes
369,"Michelle ""MJ"" Jones-Watson",MCU: The Heroes,INTP,2.3k Pdb Votes
370,Bucky Barnes “Winter Soldier”,MCU: The Heroes,ISTP,1.8k Pdb Votes
371,Quentin Beck “Mysterio”,MCU: The Villains,ENFJ,1.8k Pdb Votes
372,King T’Challa “Black Panther”,MCU: The Heroes,ISFJ,1.3k Pdb Votes
373,"Carol Danvers ""Captain Marvel""",MCU: The Heroes,ESFP,1.8k Pdb Votes
374,N'Jadaka “Erik Killmonger”,MCU: The Villains,ESFP,811 Pdb Votes
375,Hela,MCU: The Villains,ENTJ,792 Pdb Votes
376,"Bruce Banner ""Hulk""",MCU: The Heroes,INTP,2.1k Pdb Votes
377,"Natasha Romanoff ""Black Widow""",MCU: The Heroes,ISTP,2.5k Pdb Votes
378,Yelena Belova,MCU: The Heroes,ESFP,1.6k Pdb Votes
379,Mantis,MCU: The Heroes,INFP,1.2k Pdb Votes
380,"Sam Wilson ""Falcon"" / “Captain America”",MCU: The Heroes,ESFP,950 Pdb Votes
381,"Marc Spector ""Moon Knight""",MCU: The Heroes,ISTP,1k Pdb Votes
382,"Kamala Khan ""Ms. Marvel""",MCU: The Heroes,ENFP,430 Pdb Votes
383,"Pepper Potts ""Rescue""",MCU: The Heroes,ISTJ,925 Pdb Votes
384,Gamora,MCU: The Heroes,ISTJ,1.3k Pdb Votes
385,"Scott Lang ""Ant-Man""",MCU: The Heroes,ENTP,1.9k Pdb Votes
386,Vision,MCU: The Heroes,INFJ,2k Pdb Votes
387,Ultron,MCU: The Villains,ENTJ,937 Pdb Votes
388,Wong,MCU: The Heroes,ISTJ,328 Pdb Votes
389,Winter Soldier (Hydra Agent),MCU: The Villains,ISTP,35 Pdb Votes
390,Dr. Michael Morbius,Morbius (2022),INFJ,356 Pdb Votes
391,Ikaris,MCU: The Villains,ISTJ,416 Pdb Votes
392,King Groot,MCU: The Heroes,INFP,258 Pdb Votes
393,James Rhodes “War Machine”,MCU: The Heroes,ISTJ,445 Pdb Votes
394,"Clint Barton ""Hawkeye""",MCU: The Heroes,ISTP,1.3k Pdb Votes
395,Dogpool (Dog Deadpool),Deadpool & Wolverine (2024),XXXX,3 Pdb Votes
396,Ladypool (Lady Deadpool),Deadpool & Wolverine (2024),ESTP,2 Pdb Votes
397,Samuraipool (Samurai Deadpool),Deadpool & Wolverine (2024),XXXX,3 Pdb Votes
398,"Bruce Banner ""Hulk"" (Norton)",MCU: The Heroes,INFJ,77 Pdb Votes
399,Reed Richards  “Mister Fantastic” (Universe 838),MCU: Everyone Else,INTP,237 Pdb Votes
400,Druig,MCU: Everyone Else,INTJ,925 Pdb Votes
401,Ajak,MCU: The Heroes,ENFJ,239 Pdb Votes
402,Sprite,MCU: The Heroes,ESFP,381 Pdb Votes
403,Sersi,MCU: The Heroes,INFJ,539 Pdb Votes
404,Thena,MCU: The Heroes,ISTP,510 Pdb Votes
405,Xu Xialing,MCU: The Heroes,INTJ,670 Pdb Votes
406,Heimdall,MCU: The Heroes,ISFJ,196 Pdb Votes
407,Adrian Toomes “Vulture”,MCU: The Villains,ENTJ,311 Pdb Votes
408,Justin Hammer,MCU: The Villains,ENTP,163 Pdb Votes
409,Nebula,MCU: The Heroes,ISTJ,1k Pdb Votes
410,Groot,MCU: The Heroes,ISFJ,581 Pdb Votes
411,Darkhold,MCU: Everyone Else,ENTP,4 Pdb Votes
412,Teefs,Guardians of the Galaxy Vol. 3 (2023),INFP,39 Pdb Votes
413,Gamora (2014),Guardians of the Galaxy Vol. 3 (2023),ISTP,110 Pdb Votes
414,Floor,Guardians of the Galaxy Vol. 3 (2023),ESFP,99 Pdb Votes
415,Nathaniel Richards “Kang the Conqueror”,MCU: The Villains,ENTJ,315 Pdb Votes
416,K’uk’ulkan “Namor the Sub-Mariner”,MCU: The Villains,ENTJ,443 Pdb Votes
417,Love,Thor: Love and Thunder (2022),INFP,46 Pdb Votes
418,Gorr the God Butcher,MCU: The Villains,INTJ,348 Pdb Votes
419,Sinister Strange,MCU: The Villains,INTJ,225 Pdb Votes
420,Defender Strange,MCU: Everyone Else,ENTJ,84 Pdb Votes
421,Lucien “Milo” Crown,Morbius (2022),ESTP,164 Pdb Votes
422,Gilgamesh,MCU: The Heroes,ISFJ,172 Pdb Votes
423,Makkari,MCU: The Heroes,ENFP,296 Pdb Votes
424,Phastos,MCU: The Heroes,INTP,279 Pdb Votes
425,Ying Nan,MCU: Everyone Else,ISFJ,49 Pdb Votes
426,Ying Li,MCU: Everyone Else,INFJ,101 Pdb Votes
427,Xu Wenwu “Mandarin”,MCU: The Villains,ESTJ,554 Pdb Votes
428,Xu Shang-Chi,MCU: The Heroes,ISFP,682 Pdb Votes
429,Kingo,MCU: The Heroes,ESTP,352 Pdb Votes
430,Gabe Jones,MCU: Everyone Else,ESFP,9 Pdb Votes
431,Broker,MCU: Everyone Else,ISFJ,16 Pdb Votes
432,Tommy Maximoff “Speed”,MCU: Everyone Else,ESFP,189 Pdb Votes
433,"Billy Maximoff ""Wiccan""",MCU: Everyone Else,INFJ,310 Pdb Votes
434,Melina Vostokoff,MCU: Everyone Else,ISTJ,329 Pdb Votes
435,William Ginter Riva,MCU: Everyone Else,INTP,36 Pdb Votes
436,Brad Davis,MCU: Everyone Else,ESTP,71 Pdb Votes
437,Cloak of Levitation,MCU: Everyone Else,ENTP,139 Pdb Votes
438,Yon-Rogg,MCU: The Villains,INTJ,117 Pdb Votes
439,Roger Harrington,MCU: Everyone Else,ESFJ,42 Pdb Votes
440,Jonathan Pangborn,MCU: Everyone Else,ISTP,33 Pdb Votes
441,Phineas Mason “Tinkerer”,MCU: The Villains,INTP,59 Pdb Votes
442,Cassie Lang “Stature”,MCU: Everyone Else,INFP,495 Pdb Votes
443,Edward Ned Leeds,MCU: The Heroes,ENTP,639 Pdb Votes
444,Luis,MCU: The Heroes,ENFP,336 Pdb Votes
445,Ebony Maw,MCU: The Villains,ESTJ,212 Pdb Votes
446,"Princess Shuri ""Black Panther""",MCU: The Heroes,ENTP,960 Pdb Votes
447,M’Baku,MCU: The Heroes,ESTJ,219 Pdb Votes
448,General Okoye,MCU: The Heroes,ISTJ,417 Pdb Votes
449,Frigga,MCU: Everyone Else,ENFJ,198 Pdb Votes
450,Grandmaster,MCU: The Villains,ENTP,391 Pdb Votes
451,"Brunnhilde ""King Valkyrie""",MCU: The Heroes,ISTP,565 Pdb Votes
452,Ego,MCU: The Villains,ENFJ,660 Pdb Votes
453,Christine Palmer,MCU: Everyone Else,ENFJ,226 Pdb Votes
454,Kaecilius,MCU: The Villains,INTJ,190 Pdb Votes
455,The Ancient One,MCU: The Heroes,INFJ,807 Pdb Votes
456,Baron Karl Mordo,MCU: The Villains,ISTJ,174 Pdb Votes
457,Johann Schmidt “Red Skull”,MCU: The Villains,ENTJ,238 Pdb Votes
458,Harold “Happy” Hogan,MCU: The Heroes,ISTJ,309 Pdb Votes
459,Yondu Udonta,MCU: The Heroes,ESTP,493 Pdb Votes
460,Baron Helmut Zemo,MCU: The Villains,INTJ,878 Pdb Votes
461,Maria Hill,MCU: The Heroes,ISTJ,204 Pdb Votes
462,Nick Fury,MCU: The Heroes,ENTJ,893 Pdb Votes
463,Hank Pym / Ant-Man,MCU: The Heroes,INTP,388 Pdb Votes
464,Shalla-Bal “The Silver Surfer”,The Fantastic Four (2025),XXXX,19 Pdb Votes
465,The Void (Sentry Dark Side),Avengers: Secret Wars [2027],XXXX,17 Pdb Votes
466,The Maker,Avengers: Secret Wars [2027],XXXX,17 Pdb Votes
467,Sentry,Avengers: Secret Wars [2027],XXXX,18 Pdb Votes
468,H.E.R.B.I.E. (Humanoid Experimental Robot B-Type),The Fantastic Four (2025),XXXX,10 Pdb Votes
469,Dazzler,Deadpool & Wolverine (2024),XXXX,1 Pdb Vote
470,"Galan of Taa / ""Galactus""",The Fantastic Four (2025),XXXX,3 Pdb Votes
471,Ben Grimm “The Thing”,The Fantastic Four (2025),ESFJ,2 Pdb Votes
472,Johnny Storm “Human Torch”,The Fantastic Four (2025),ESFP,4 Pdb Votes
473,Sue Storm “Invisible Woman”,The Fantastic Four (2025),ENFJ,1 Pdb Vote
474,Reed Richards “Mr. Fantastic”,The Fantastic Four (2025),INTP,10 Pdb Votes
475,Wolverine Patch,Deadpool & Wolverine (2024),XXXX,2 Pdb Votes
476,Cassandra Nova,Deadpool & Wolverine (2024),XXXX,1 Pdb Vote
477,Elektra,Deadpool & Wolverine (2024),XXXX,5 Pdb Votes
478,Paradox,Deadpool & Wolverine (2024),ESTJ,2 Pdb Votes
479,Mikhail Uriokovitch Ursus ''Ursa Major'',MCU: Everyone Else,XXXX,4 Pdb Votes
480,Oksana,MCU: Everyone Else,XXXX,3 Pdb Votes
481,Lt. Colonel James Rhodes,Iron Man (2008),ISTJ,2 Pdb Votes
482,Red Hulk,Captain America: Brave New World (2025),XXXX,11 Pdb Votes
483,Cobra,Captain America: Brave New World (2025),XXXX,2 Pdb Votes
484,Leila Taylor,Captain America: Brave New World (2025),XXXX,33 Pdb Votes
485,Sabra,Captain America: Brave New World (2025),XXXX,1 Pdb Vote
486,Dave,Ant-Man (2015),ESFP,4 Pdb Votes
487,Black Priests,Doctor Strange 3: Time Runs Out (2026),INTJ,12 Pdb Votes
488,Placeholder,Avengers: Secret Wars (2027),XXXX,3 Pdb Votes
489,Placeholder,Blade (2025),XXXX,3 Pdb Votes
490,Beyonder (MCU),Avengers: Secret Wars [2027],XXXX,17 Pdb Votes
491,Maria Rambeau (Mutant),The Marvels (2023),XXXX,11 Pdb Votes
492,"Hank McCoy ""Beast""",The Marvels (2023),INTP,7 Pdb Votes
493,Emperor Dro'ge,The Marvels (2023),ISTJ,1 Pdb Vote
494,Doctor Doom,Avengers: Secret Wars [2027],XXXX,104 Pdb Votes
495,The Beyonder(MCU),MCU: Everyone Else,XXXX,73 Pdb Votes
496,Jason Quill,Guardians of the Galaxy Vol. 3 (2023),XXXX,2 Pdb Votes
497,War Pig,Guardians of the Galaxy Vol. 3 (2023),ISTP,470 Pdb Votes
498,Ura,Guardians of the Galaxy Vol. 3 (2023),XXXX,166 Pdb Votes
499,Lego Palpatine,Spider-Man: Homecoming (2017),INTJ,15 Pdb Votes
500,Lego Palpatine,MCU: Everyone Else,XXXX,49 Pdb Votes
501,Nebula (2014),Avengers: Endgame (2019),ISTJ,2 Pdb Votes
502,Red Lady,Guardians of the Galaxy Vol. 3 (2023),XXXX,7 Pdb Votes
503,The Black Widow Program,MCU: The Villains,XXXX,42 Pdb Votes
504,Simon Williams “Wonder Man”,MCU: The Heroes,XXXX,5 Pdb Votes
505,Lambshank,Guardians of the Galaxy Vol. 3 (2023),ISFJ,137 Pdb Votes
506,Dar-Benn,The Marvels (2023),INTJ,12 Pdb Votes
507,King Cobra,MCU: The Villains,XXXX,10 Pdb Votes
508,Diamondback,MCU: The Villains,XXXX,16 Pdb Votes
509,Jacques Dernier,Captain America: The First Avenger (2011),XXXX,29 Pdb Votes
510,Lorraine,Captain America: The First Avenger (2011),XXXX,13 Pdb Votes
511,Brandt,Captain America: The First Avenger (2011),XXXX,36 Pdb Votes
512,Gilmore Hodge,Captain America: The First Avenger (2011),XXXX,10 Pdb Votes
513,Blurp,Guardians of the Galaxy Vol. 3 (2023),ISFP,41 Pdb Votes
514,Carrot Head,Guardians of the Galaxy Vol. 3 (2023),INFP,18 Pdb Votes
515,James Montgomery Falsworth (Union Jack),Captain America: The First Avenger (2011),ESTP,72 Pdb Votes
516,Bletelsnort,Guardians of the Galaxy Vol. 3 (2023),ESFJ,37 Pdb Votes
517,Karja,Guardians of the Galaxy Vol. 3 (2023),ENTP,69 Pdb Votes
518,Vim,Guardians of the Galaxy Vol. 3 (2023),ISTJ,18 Pdb Votes
519,Theel,Guardians of the Galaxy Vol. 3 (2023),ISFJ,13 Pdb Votes
520,Mainframe,Guardians of the Galaxy Vol. 3 (2023),INFP,7 Pdb Votes
521,Lylla,Guardians of the Galaxy Vol. 3 (2023),ENFJ,38 Pdb Votes
522,Cosmo The Spacedog,Guardians of the Galaxy Vol. 3 (2023),ENFP,40 Pdb Votes
523,Floor,MCU: Everyone Else,XXXX,41 Pdb Votes
524,Lylla,MCU: Everyone Else,ENFJ,22 Pdb Votes
525,The High Evolutionary,MCU: The Villains,ENTJ,55 Pdb Votes
526,Adam Warlock,MCU: The Heroes,ISFP,49 Pdb Votes
527,Yan D' Aladna,The Marvels (2023),ESTJ,143 Pdb Votes
528,M.O.D.O.K.,MCU: The Villains,ESTJ,32 Pdb Votes
529,Gilmore Hodge,MCU: Everyone Else,XXXX,0
530,Cosmo,MCU: Everyone Else,INFP,0
531,Namora,MCU: The Villains,ISTJ,0
532,Karen “Suit Lady”,MCU: Everyone Else,ISFJ,0
533,Riri Williams “Ironheart”,MCU: The Heroes,ESTP,0
534,Mjolnir,MCU: Everyone Else,ISFJ,0
535,Toothgrinder,Thor: Love and Thunder (2022),ENFP,0
536,Toothgnasher,Thor: Love and Thunder (2022),ENTP,0
537,Eternity,Thor: Love and Thunder (2022),INTJ,0
538,"Bao, God of Dumplings",Thor: Love and Thunder (2022),ENFP,0
539,Rapu,MCU: Everyone Else,ESFP,0
540,King Yakan,MCU: Everyone Else,ISFJ,0
541,Axl,Thor: Love and Thunder (2022),ENFJ,0
542,Hercules Panhellenios,Thor: Love and Thunder (2022),ESFP,0
543,Zeus,MCU: The Villains,ESTP,0
544,fat guy sippin coffee,Morbius (2022),ISTP,0
545,Wanda Maximoff (Universe-838),Doctor Strange in the Multiverse of Madness (2022),INFP,0
546,Christine Palmer (Earth-838),Doctor Strange in the Multiverse of Madness (2022),ESTJ,0
547,Pizza Poppa,Doctor Strange in the Multiverse of Madness (2022),ESTP,0
548,Emil Nicholas,Morbius (2022),ISFJ,0
549,Charles Xavier “Professor X” (Earth-838),Doctor Strange in the Multiverse of Madness (2022),INFJ,0
550,Baron Kal Mordo (Earth-838),MCU: Everyone Else,ISTJ,0
551,Supreme  Strange,Doctor Strange in the Multiverse of Madness (2022),INTJ,0
552,Maria Rambeau “Captain Marvel” (Earth-838),MCU: Everyone Else,ESTJ,0
553,Clea,Doctor Strange in the Multiverse of Madness (2022),ENTJ,0
554,"Blackagar Boltagon ""Black Bolt"" (Universe 838)",MCU: Everyone Else,ENTJ,0
555,Captain Carter (Universe 838),MCU: Everyone Else,ENTJ,0
556,Agent P. Cleary,MCU: Everyone Else,ENTP,0
557,Agent Simon Stroud,Morbius (2022),ISTJ,5 Pdb Votes
558,Emil Nikos,Morbius (2022),INFP,3 Pdb Votes
559,America Chavez,MCU: The Heroes,ISFP,413 Pdb Votes
560,Gargantos,Doctor Strange in the Multiverse of Madness (2022),ISTJ,21 Pdb Votes
561,Andre Wilson,MCU: Everyone Else,ESTJ,12 Pdb Votes
562,FRIDAY,MCU: Everyone Else,ISTJ,45 Pdb Votes
563,Jackson Norriss,MCU: Everyone Else,ESTP,1 Pdb Vote
564,"Eros ""Starfox""",MCU: The Heroes,ENTP,84 Pdb Votes
565,Agent Rodriguez,Morbius (2022),XXXX,8 Pdb Votes
566,Martine Bancroft,Morbius (2022),XXXX,33 Pdb Votes
567,"Dane Whitman ""Black Knight""",MCU: Everyone Else,INFP,83 Pdb Votes
568,Karun Patel,MCU: Everyone Else,ESFJ,36 Pdb Votes
569,Arishem the Judge,MCU: Everyone Else,INTJ,60 Pdb Votes
570,Kro,MCU: The Villains,ENTJ,24 Pdb Votes
571,Mrs. Chen,MCU: Everyone Else,INFJ,4 Pdb Votes
572,Dweller-in-Darkness,MCU: The Villains,ISTP,14 Pdb Votes
573,Great Protector,MCU: Everyone Else,INFJ,9 Pdb Votes
574,Guang Bo,MCU: Everyone Else,ISTJ,10 Pdb Votes
575,Jon Jon,MCU: Everyone Else,ESTP,14 Pdb Votes
576,Lila Barton,MCU: Everyone Else,ISFJ,29 Pdb Votes
577,Li Ching-Lin “Death Dealer”,MCU: The Villains,ISTP,14 Pdb Votes
578,Razor Fist,MCU: The Villains,ISTJ,18 Pdb Votes
579,Katy Chen,MCU: The Heroes,ESFP,867 Pdb Votes
580,Howard the Duck,MCU: Everyone Else,ESTP,33 Pdb Votes
581,E.D.I.T.H.,MCU: Everyone Else,INTJ,7 Pdb Votes
582,"Jackson Brice ""Shocker""",MCU: The Villains,ESTP,13 Pdb Votes
583,Councilman Singh,MCU: Everyone Else,ISTJ,6 Pdb Votes
584,Senator Brandt,MCU: Everyone Else,ISTJ,5 Pdb Votes
585,Jack Rollins,MCU: The Villains,ISTP,11 Pdb Votes
586,Karen,MCU: Everyone Else,ISFJ,9 Pdb Votes
587,Doris Toomes,MCU: Everyone Else,ESFJ,8 Pdb Votes
588,Anne Marie Hoag,MCU: Everyone Else,ESTJ,8 Pdb Votes
589,Cameron Klein,MCU: Everyone Else,INFP,9 Pdb Votes
590,Gef,MCU: Everyone Else,ESFP,5 Pdb Votes
591,Uzman,MCU: The Villains,ISTP,8 Pdb Votes
592,Nicodemus “Nic” West,MCU: Everyone Else,ISTJ,10 Pdb Votes
593,Gary,MCU: Everyone Else,ENFP,9 Pdb Votes
594,"Aaron Davis ""The Prowler""",MCU: Everyone Else,ISTP,34 Pdb Votes
595,Ian Boothby,MCU: Everyone Else,INFP,8 Pdb Votes
596,Councilwoman Hawley,MCU: Everyone Else,ESTJ,18 Pdb Votes
597,Roeder,MCU: The Villains,ISTJ,12 Pdb Votes
598,Taskmaster,MCU: The Villains,ISTJ,69 Pdb Votes
599,General Dreykov,MCU: The Villains,ENTJ,82 Pdb Votes
600,Rick Mason,MCU: Everyone Else,ISFP,20 Pdb Votes
601,"Alexei Shostakov ""Red Guardian""",MCU: Everyone Else,ESTP,304 Pdb Votes
602,The Supreme Intelligence,MCU: The Villains,INTJ,72 Pdb Votes
603,Miek,MCU: Everyone Else,ESTP,31 Pdb Votes
604,Leonard Samson,MCU: Everyone Else,INTP,26 Pdb Votes
605,Gale,MCU: Everyone Else,ESTJ,23 Pdb Votes
606,Christine Everhart,MCU: Everyone Else,ESTP,45 Pdb Votes
607,Akihiko (Yakuza Boss),MCU: Everyone Else,ISTJ,33 Pdb Votes
608,J.A.R.V.I.S.,MCU: Everyone Else,INTP,177 Pdb Votes
609,Vasily Karpov,MCU: The Villains,ISTJ,20 Pdb Votes
610,Julius Dell,MCU: Everyone Else,ESTP,27 Pdb Votes
611,J. Jonah Jameson,MCU: Everyone Else,ESTJ,119 Pdb Votes
612,Soren,MCU: Everyone Else,ISFJ,26 Pdb Votes
613,Georges Batroc,MCU: The Villains,ISTP,46 Pdb Votes
614,Dimitri Smerdyakov,MCU: The Villains,ISTP,27 Pdb Votes
615,Maria Stark,MCU: Everyone Else,ISFJ,30 Pdb Votes
616,Morgan H. Stark,MCU: Everyone Else,INFP,118 Pdb Votes
617,Stakar Ogord,MCU: Everyone Else,ESTJ,34 Pdb Votes
618,Norex,MCU: Everyone Else,ISFJ,27 Pdb Votes
619,Wendy Lawson “Captain Mar-Vell”,MCU: Everyone Else,INFJ,64 Pdb Votes
620,Goose,MCU: Everyone Else,ISFP,79 Pdb Votes
621,Bron-Char,MCU: Everyone Else,ESTJ,27 Pdb Votes
622,Att-Lass,MCU: Everyone Else,ISTJ,37 Pdb Votes
623,"Monica Rambeau “Photon""",MCU: The Heroes,ENFP,458 Pdb Votes
624,Minn-Erva,MCU: The Villains,ISTJ,37 Pdb Votes
625,Maria Rambeau,MCU: Everyone Else,ESFJ,47 Pdb Votes
626,Talos,MCU: Everyone Else,INFJ,130 Pdb Votes
627,Topaz,MCU: The Villains,ISTJ,47 Pdb Votes
628,Betty Brant,MCU: Everyone Else,ESFJ,123 Pdb Votes
629,Jim Morita,MCU: Everyone Else,ISTP,25 Pdb Votes
630,Abu Bakaar,MCU: The Villains,ESTJ,47 Pdb Votes
631,Raza Hamidmi Al-Wazar,MCU: The Villains,ISTP,35 Pdb Votes
632,Mitchell Carson,MCU: The Villains,ESTP,26 Pdb Votes
633,Heinz Kruger,MCU: The Villains,INTP,38 Pdb Votes
634,Mac Gargan “Scorpion”,MCU: The Villains,ISTP,34 Pdb Votes
635,Mr. Delmar,MCU: Everyone Else,ESTP,25 Pdb Votes
636,Ellen Brandt,MCU: The Villains,ISTP,23 Pdb Votes
637,President Matthew Ellis,MCU: Everyone Else,ISTJ,29 Pdb Votes
638,"Samuel Sterns “Mr. Blue""",MCU: Everyone Else,ENTP,32 Pdb Votes
639,Senator Stern,MCU: Everyone Else,ESTJ,46 Pdb Votes
640,Jasper Sitwell,MCU: The Villains,ISTJ,39 Pdb Votes
641,Surtur,MCU: The Villains,ESTJ,67 Pdb Votes
642,Betty Ross,MCU: Everyone Else,ENFJ,65 Pdb Votes
643,Laufey,MCU: The Villains,ISTJ,41 Pdb Votes
644,Ho Yinsen,MCU: Everyone Else,INFJ,78 Pdb Votes
645,Dormammu,MCU: The Villains,ENTJ,102 Pdb Votes
646,Watcher Informant (Stan Lee Cameos),MCU: Everyone Else,ENTP,69 Pdb Votes
647,Carina,MCU: Everyone Else,ISFP,42 Pdb Votes
648,Laura Barton,MCU: Everyone Else,ISFJ,62 Pdb Votes
649,Denarian Saal,MCU: Everyone Else,ISTJ,30 Pdb Votes
650,Rhomann Dey,MCU: Everyone Else,ESFJ,35 Pdb Votes
651,Nova Prime,MCU: Everyone Else,ESTJ,38 Pdb Votes
652,Dr. Darcy Lewis,MCU: Everyone Else,ENTP,849 Pdb Votes
653,James E. “Jimmy” Woo,MCU: Everyone Else,ISFJ,326 Pdb Votes
654,N'Jobu,MCU: Everyone Else,ISFP,50 Pdb Votes
655,Meredith Quill,MCU: Everyone Else,ESFP,36 Pdb Votes
656,Colonel Chester Phillips,MCU: Everyone Else,ESTJ,59 Pdb Votes
657,Abraham Erskine,MCU: Everyone Else,INTP,149 Pdb Votes
658,Flash Thompson,MCU: Everyone Else,ESTP,128 Pdb Votes
659,Herman Schultz “Shocker”,MCU: The Villains,ESTP,42 Pdb Votes
660,The Other,MCU: The Villains,ISTJ,33 Pdb Votes
661,Baron Wolfgang von Strucker,MCU: The Villains,ESTJ,51 Pdb Votes
662,Maggie Lang,MCU: Everyone Else,ESFJ,38 Pdb Votes
663,Jim Paxton,MCU: Everyone Else,ESTJ,42 Pdb Votes
664,Sonny Burch,MCU: The Villains,ESTP,46 Pdb Votes
665,Eric Savin,MCU: The Villains,ISTP,34 Pdb Votes
666,Harley Keener,MCU: Everyone Else,ENTP,194 Pdb Votes
667,Queen Ramonda,MCU: Everyone Else,ESTJ,130 Pdb Votes
668,Janet van Dyne / The Wasp,MCU: The Heroes,ESFJ,170 Pdb Votes
669,Korg,MCU: The Heroes,ENFP,262 Pdb Votes
670,May Parker,MCU: Everyone Else,ESFJ,286 Pdb Votes
671,Ayesha,MCU: The Villains,ESTJ,118 Pdb Votes
672,Taserface,MCU: The Villains,ESTP,58 Pdb Votes
673,Kraglin Obfonteri,MCU: The Heroes,ISFP,101 Pdb Votes
674,Trevor Slattery,MCU: Everyone Else,ENFP,95 Pdb Votes
675,Dave,MCU: Everyone Else,ESTP,40 Pdb Votes
676,Kurt Goreshter,MCU: Everyone Else,INTP,62 Pdb Votes
677,Hogun the Grim,MCU: Everyone Else,ISTJ,35 Pdb Votes
678,Volstagg the Voluminous,MCU: Everyone Else,ESFP,41 Pdb Votes
679,Fandral the Dashing,MCU: Everyone Else,ENTP,63 Pdb Votes
680,Liz Toomes,MCU: Everyone Else,ESFJ,99 Pdb Votes
681,Maya Hansen,MCU: Everyone Else,ESTP,47 Pdb Votes
682,Dr. Erik Selvig,MCU: Everyone Else,INTP,94 Pdb Votes
683,Eitri,MCU: Everyone Else,ISFP,59 Pdb Votes
684,Ava Starr “Ghost”,MCU: The Villains,ISFP,187 Pdb Votes
685,Bill Foster,MCU: Everyone Else,ESFJ,62 Pdb Votes
686,Zuri,MCU: Everyone Else,ISFJ,51 Pdb Votes
687,King T'Chaka,MCU: Everyone Else,ISFJ,64 Pdb Votes
688,Corvus Glaive,MCU: The Villains,ISTJ,60 Pdb Votes
689,Proxima Midnight,MCU: The Villains,ISTP,62 Pdb Votes
690,Cull Obsidian,MCU: The Villains,ESTP,63 Pdb Votes
691,Skurge,MCU: Everyone Else,ESTP,74 Pdb Votes
692,Everett K. Ross,MCU: Everyone Else,ESTJ,167 Pdb Votes
693,Ayo,MCU: The Heroes,ISTJ,126 Pdb Votes
694,W'Kabi,MCU: Everyone Else,ISTP,53 Pdb Votes
695,Nakia,MCU: The Heroes,ENFJ,349 Pdb Votes
696,Ulysses Klaue,MCU: The Villains,ESTP,128 Pdb Votes
697,Helen Cho,MCU: Everyone Else,INTP,64 Pdb Votes
698,Sif,MCU: The Heroes,ESTJ,128 Pdb Votes
699,Alexander Pierce,MCU: The Villains,ENTJ,171 Pdb Votes
700,Odin,MCU: The Heroes,ENTJ,305 Pdb Votes
701,Thaddeus Ross,MCU: Everyone Else,ESTJ,59 Pdb Votes
702,Taneleer Tivan “The Collector”,MCU: Everyone Else,INTJ,108 Pdb Votes
703,Kurse / Algrim,MCU: The Villains,ESTJ,37 Pdb Votes
704,Korath the Pursuer,MCU: The Villains,ISTJ,45 Pdb Votes
705,Malekith the Accursed,MCU: The Villains,ISTJ,68 Pdb Votes
706,Aldrich Killian,MCU: The Villains,ENTJ,156 Pdb Votes
707,Arnim Zola,MCU: The Villains,INTP,150 Pdb Votes
708,Emil Blonsky “Abomination”,MCU: The Villains,ESTJ,150 Pdb Votes
709,"Jane Foster ""The Mighty Thor""",MCU: The Heroes,INTP,677 Pdb Votes
710,Ivan Vanko “Whiplash”,MCU: The Villains,ISTP,144 Pdb Votes
711,Obadiah Stane “Iron Monger”,MCU: The Villains,ENTJ,219 Pdb Votes
712,Hope van Dyne “Wasp”,MCU: The Heroes,ISTJ,426 Pdb Votes
713,Darren Cross “Yellowjacket”,MCU: The Villains,ESTJ,134 Pdb Votes
714,Sharon Carter “Power Broker”,MCU: The Villains,ISTJ,384 Pdb Votes
715,Ronan the Accuser,MCU: The Villains,ISTJ,154 Pdb Votes
716,Brock Rumlow “Crossbones”,MCU: The Villains,ISTP,104 Pdb Votes
717,Pietro Maximoff “Quicksilver”,MCU: The Heroes,ESTP,406 Pdb Votes
718,The Joker,The Dark Knight Trilogy (2005),ENTP,4.2k Pdb Votes
719,Arthur Fleck/Joker,Joker (2019),INFP,4.7k Pdb Votes
720,Bruce Wayne “Batman”,The Batman (2022),INTJ,3.7k Pdb Votes
721,Bruce Wayne “Batman”,The Dark Knight Trilogy (2005),INTJ,2.2k Pdb Votes
722,Jonathan Crane “Scarecrow”,The Dark Knight Trilogy (2005),INTP,917 Pdb Votes
723,Edward Nashton “The Riddler”,The Batman (2022),INTP,2.7k Pdb Votes
724,Selina Kyle “Catwoman”,The Batman (2022),ESFP,1.6k Pdb Votes
725,Walter Kovacs / Rorschach,Watchmen (2009),ISTJ,630 Pdb Votes
726,Harleen Quinzel/Harley Quinn,Joker: Folie à Deux (2024),ENFP,44 Pdb Votes
727,Harleen Quinzel/Harley Quinn,Joker (2019),ENFP,5 Pdb Votes
728,Harvey Dent “Two-Face”,The Dark Knight Trilogy (2005),ENFJ,608 Pdb Votes
729,Bane,The Dark Knight Trilogy (2005),ENTJ,812 Pdb Votes
730,Miranda Tate / Talia Al Ghul,The Dark Knight Trilogy (2005),ENFJ,129 Pdb Votes
731,James Gordon,The Dark Knight Trilogy (2005),ISTJ,352 Pdb Votes
732,Adrian Veidt / Ozymandias,Watchmen (2009),INTJ,514 Pdb Votes
733,John “Robin” Blake,The Dark Knight Trilogy (2005),INTP,276 Pdb Votes
734,Alfred Pennyworth,The Dark Knight Trilogy (2005),ISFJ,393 Pdb Votes
735,The Joker,The Batman (2022),ENTP,260 Pdb Votes
736,Murray Franklin,Joker (2019),ESTP,397 Pdb Votes
737,Clark Kent / Superman,Superman (1978 Franchise),ISFJ,122 Pdb Votes
738,"Jack Napier ""Joker""",Batman (1989-1992),ENTJ,276 Pdb Votes
739,"Bruce Wayne ""Batman""",Batman (1989-1992),INTJ,296 Pdb Votes
740,Edward Blake / The Comedian,Watchmen (2009),ESTP,284 Pdb Votes
741,Lucius Fox,The Dark Knight Trilogy (2005),INTP,270 Pdb Votes
742,Bruce Wayne (Public Persona),The Batman (2022),INTJ,235 Pdb Votes
743,Joe Chill,The Dark Knight Trilogy (2005),ISTP,25 Pdb Votes
744,Barbara Gordon / Batgirl,Batman & Robin (1997),ENFJ,20 Pdb Votes
745,Dr. Pamela Isley / Poison Ivy,Batman & Robin (1997),ENTJ,121 Pdb Votes
746,Penny Fleck,Joker (2019),ISFJ,181 Pdb Votes
747,Thomas Wayne,Joker (2019),ESTJ,222 Pdb Votes
748,Sophie Dumond,Joker (2019),ISFP,110 Pdb Votes
749,Daniel Dreiberg / Nite Owl II,Watchmen (2009),ISFJ,135 Pdb Votes
750,Carmine Falcone,The Dark Knight Trilogy (2005),ESTJ,109 Pdb Votes
751,Rachel Dawes,The Dark Knight Trilogy (2005),ESFJ,258 Pdb Votes
752,Ra’s Al Ghul / “Henri Ducard”,The Dark Knight Trilogy (2005),INFJ,481 Pdb Votes
753,Gotham State Police Trooper,The Dark Knight Trilogy (2005),INTP,4 Pdb Votes
754,Una vida bien Gey,Joker (2019),ENFJ,10 Pdb Votes
755,Mike Houston,Joker: Folie à Deux (2024),ISTP,2 Pdb Votes
756,The Bookworm,Batman (1966),INTP,2 Pdb Votes
757,The Batman Theme Song,The Batman (2022),INTJ,54 Pdb Votes
758,Sugar,Batman Forever (1995),XXXX,1 Pdb Vote
759,"Barbara Gordon / ""Batgirl""",Batman (1966),ENFJ,32 Pdb Votes
760,Martinez,The Batman (2022),ENFP,73 Pdb Votes
761,James Gordon,The Batman (2022),ISTJ,280 Pdb Votes
762,Oswald Cobblepot “Penguin”,The Batman (2022),ESTP,416 Pdb Votes
763,Bruce,Joker (2019),INTJ,77 Pdb Votes
764,Lau,The Dark Knight Trilogy (2005),ENTJ,34 Pdb Votes
765,Judge Faden,The Dark Knight Trilogy (2005),ESTP,4 Pdb Votes
766,Peter Foley,The Dark Knight Trilogy (2005),ESTJ,11 Pdb Votes
767,Arnold Flass,The Dark Knight Trilogy (2005),ESFP,26 Pdb Votes
768,Leonid Pavel,The Dark Knight Trilogy (2005),INTP,25 Pdb Votes
769,Gerard Stephens,The Dark Knight Trilogy (2005),ISTP,13 Pdb Votes
770,Anthony Garcia,The Dark Knight Trilogy (2005),XXXX,19 Pdb Votes
771,Michael Wuertz,The Dark Knight Trilogy (2005),ESTP,6 Pdb Votes
772,Gillian B. Loeb,The Dark Knight Trilogy (2005),ESTJ,10 Pdb Votes
773,Coleman Reese,The Dark Knight Trilogy (2005),INTP,27 Pdb Votes
774,Anna Ramirez,The Dark Knight Trilogy (2005),ESTJ,13 Pdb Votes
775,The Guy On The Boat,The Dark Knight Trilogy (2005),ISTJ,41 Pdb Votes
776,Sal Maroni,The Dark Knight Trilogy (2005),ESTJ,23 Pdb Votes
777,Martha Wayne,The Dark Knight Trilogy (2005),ESFJ,23 Pdb Votes
778,Detective Garrity,Joker (2019),ISFJ,18 Pdb Votes
779,Detective Burke,Joker (2019),ISTP,22 Pdb Votes
780,"Miss Kitka ""Catwoman""",Batman (1966),ESTP,12 Pdb Votes
781,Edward Nygma / The Riddler,Batman Forever (1995),ENTP,88 Pdb Votes
782,Gary,Joker (2019),ISFJ,77 Pdb Votes
783,"Selina Kyle ""Catwoman""",Batman (1989-1992),ESTP,132 Pdb Votes
784,"Oswald Cobblepot ""The Penguin""",Batman (1989-1992),ENFP,144 Pdb Votes
785,Ursa,Superman (1978 Franchise),ISTP,10 Pdb Votes
786,Jon Osterman / Dr. Manhattan,Watchmen (2009),INTP,450 Pdb Votes
787,Selina Kyle “Catwoman”,The Dark Knight Trilogy (2005),ESTP,413 Pdb Votes
788,Captain Parker,The Dark Knight Trilogy (2005),XXXX,1 Pdb Vote
789,Captain Jones,The Dark Knight Trilogy (2005),XXXX,5 Pdb Votes
790,Sophie,Joker: Folie à Deux (2024),XXXX,11 Pdb Votes
791,Harvey Dent,The Batman Part II (2026),XXXX,1 Pdb Vote
792,Karim,Black Adam (2022),XXXX,1 Pdb Vote
793,GiGi Dumond,Joker (2019),ENFP,2 Pdb Votes
794,Hoyt,Joker (2019),ESTJ,1 Pdb Vote
795,Banker,Batman & Robin (1997),XXXX,1 Pdb Vote
796,The Biker,Batman & Robin (1997),XXXX,1 Pdb Vote
797,Turkish Baths Leader,Batman & Robin (1997),XXXX,1 Pdb Vote
798,Nora Fries,Batman & Robin (1997),XXXX,4 Pdb Votes
799,Frosty,Batman & Robin (1997),XXXX,1 Pdb Vote
800,Dr. Lee,Batman & Robin (1997),INTP,28 Pdb Votes
801,Ms. B. Haven,Batman & Robin (1997),XXXX,56 Pdb Votes
802,Gossip Gerty,Batman Forever (1995),XXXX,30 Pdb Votes
803,Hawkins,Batman Forever (1995),XXXX,51 Pdb Votes
804,Margaret,Batman Forever (1995),ISTJ,192 Pdb Votes
805,Dr. Burton,Batman Forever (1995),INFJ,145 Pdb Votes
806,Fred Stickley,Batman Forever (1995),XXXX,9 Pdb Votes
807,Spice,Batman Forever (1995),XXXX,34 Pdb Votes
808,Martha Arkham-Wayne,The Batman (2022),ISFJ,36 Pdb Votes
809,Thomas Wayne,The Batman (2022),ENFJ,326 Pdb Votes
810,Annika Kosolov,The Batman (2022),ISFJ,0
811,Pete Savage,The Batman (2022),ESTJ,0
812,Bella Reál,The Batman (2022),ENFJ,0
813,Bruce Wayne (Persona),The Dark Knight Trilogy (2005),ESTP,0
814,Jimmy Olsen,Superman (1978 Franchise),ENFP,0
815,Don Mitchell Jr.,The Batman (2022),ESTJ,0
816,Mackenzie Bock,The Batman (2022),ESTJ,0
817,Carmine Falcone,The Batman (2022),ENTJ,0
818,Gil Colson,The Batman (2022),ISFJ,88 Pdb Votes
819,Alfred Pennyworth,The Batman (2022),ISFJ,213 Pdb Votes
820,Eve Teschmacher,Superman (1978 Franchise),ENFP,6 Pdb Votes
821,King Tut,Batman (1966),ENFP,2 Pdb Votes
822,Harriet Cooper,Batman (1966),ESFJ,2 Pdb Votes
823,Chief O'Hara,Batman (1966),ESFJ,2 Pdb Votes
824,Commissioner Gordon,Batman (1966),ISTJ,2 Pdb Votes
825,Alfred Pennyworth,Batman (1966),INFJ,4 Pdb Votes
826,Janey Slater,Watchmen (2009),ENFJ,11 Pdb Votes
827,Hooded Justice,Watchmen (2009),ISTP,3 Pdb Votes
828,Silhoutte,Watchmen (2009),ESTP,7 Pdb Votes
829,Wally Weaver,Watchmen (2009),ISTJ,2 Pdb Votes
830,Hollis Mason,Watchmen (2009),ISFJ,5 Pdb Votes
831,Moloch,Watchmen (2009),INTJ,5 Pdb Votes
832,Bernard,Watchmen (2009),ESFJ,2 Pdb Votes
833,Richard Nixon,Watchmen (2009),ESTP,5 Pdb Votes
834,The Clowns Movement,Joker (2019),ENTP,107 Pdb Votes
835,Barbara Gordon,The Dark Knight Trilogy (2005),ESFJ,11 Pdb Votes
836,Holly “Jen” Robinson,The Dark Knight Trilogy (2005),ISFP,21 Pdb Votes
837,John Barsad,The Dark Knight Trilogy (2005),ISTP,12 Pdb Votes
838,Douglas Fredericks,The Dark Knight Trilogy (2005),ISTJ,5 Pdb Votes
839,William Earle,The Dark Knight Trilogy (2005),ESTJ,11 Pdb Votes
840,Phillip Stryver,The Dark Knight Trilogy (2005),ISTJ,3 Pdb Votes
841,John Daggett,The Dark Knight Trilogy (2005),ESTJ,21 Pdb Votes
842,Victor Zsasz,The Dark Knight Trilogy (2005),ISFP,9 Pdb Votes
843,Mike Engel,The Dark Knight Trilogy (2005),XXXX,4 Pdb Votes
844,The Chechen,The Dark Knight Trilogy (2005),ESTP,15 Pdb Votes
845,Bane,Batman & Robin (1997),ISTP,11 Pdb Votes
846,Julie Madison,Batman & Robin (1997),XXXX,1 Pdb Vote
847,Dr. Jason Woodrue,Batman & Robin (1997),INTP,4 Pdb Votes
848,Commissioner James Gordon,Batman & Robin (1997),ISFJ,1 Pdb Vote
849,Gus Gorman,Superman (1978 Franchise),ENTP,6 Pdb Votes
850,Gambol,The Dark Knight Trilogy (2005),ESTJ,46 Pdb Votes
851,Thomas Wayne,The Dark Knight Trilogy (2005),ENFJ,69 Pdb Votes
852,Otis,Superman (1978 Franchise),ENTP,6 Pdb Votes
853,Debra Kane,Joker (2019),ISTJ,63 Pdb Votes
854,Gene Ufland,Joker (2019),ESTJ,20 Pdb Votes
855,Sally Jupiter / Silk Spectre,Watchmen (2009),ESFJ,51 Pdb Votes
856,The Riddler,Batman (1966),ENTP,46 Pdb Votes
857,The Penguin,Batman (1966),ESTJ,9 Pdb Votes
858,The Joker,Batman (1966),ENTP,81 Pdb Votes
859,"Dick Grayson ""Robin""",Batman (1966),ENFP,25 Pdb Votes
860,"Bruce Wayne ""Batman""",Batman (1966),INTJ,105 Pdb Votes
861,Dr. Chase Meridian,Batman Forever (1995),INFJ,10 Pdb Votes
862,Harvey Dent / Two-Face,Batman Forever (1995),ESTJ,20 Pdb Votes
863,Bruce Wayne / Batman,Batman Forever (1995),INTJ,43 Pdb Votes
864,Alfred Pennyworth,Batman & Robin (1997),ISFJ,7 Pdb Votes
865,Bruce Wayne / Batman,Batman & Robin (1997),INFJ,44 Pdb Votes
866,Dick Grayson / Robin,Batman & Robin (1997),ESFP,29 Pdb Votes
867,Dr. Victor Fries / Mr. Freeze,Batman & Robin (1997),ISTP,52 Pdb Votes
868,Randall,Joker (2019),ESTP,65 Pdb Votes
869,CIA Agent Bill Wilson,The Dark Knight Trilogy (2005),ESTP,66 Pdb Votes
870,"Charles ""Chip"" Shreck",Batman (1989-1992),ESTP,13 Pdb Votes
871,Max Shreck,Batman (1989-1992),ENTJ,64 Pdb Votes
872,Max Eckhardt,Batman (1989-1992),ESFP,9 Pdb Votes
873,Harvey Dent,Batman (1989-1992),ENTJ,18 Pdb Votes
874,Commissioner James Gordon,Batman (1989-1992),ESTJ,8 Pdb Votes
875,"Bob ""The Goon"" Hawkins",Batman (1989-1992),ISFJ,12 Pdb Votes
876,Carl Grissom,Batman (1989-1992),XXXX,15 Pdb Votes
877,Alfred Pennyworth,Batman (1989-1992),ISFJ,36 Pdb Votes
878,Non,Superman (1978 Franchise),ISTJ,10 Pdb Votes
879,Perry White,Superman (1978 Franchise),ESTJ,10 Pdb Votes
880,General Zod,Superman (1978 Franchise),ENTJ,18 Pdb Votes
881,Jor-El,Superman (1978 Franchise),ENFJ,24 Pdb Votes
882,Lois Lane,Superman (1978 Franchise),ESTP,40 Pdb Votes
883,Lex Luthor,Superman (1978 Franchise),ENTJ,29 Pdb Votes
884,Alexander Knox,Batman (1989-1992),ENTP,18 Pdb Votes
885,Vicki Vale,Batman (1989-1992),INFJ,39 Pdb Votes
886,Laurie Juspeczyk / Silk Spectre II,Watchmen (2009),ISFP,112 Pdb Votes
