,person_id,person_mbti,character,movie,genre_ids,movie_id,movie_popularity,movie_vote_avg,movie_year,char_mbti
0,0,ENFP,Tony Stark,Avengers: Endgame,"[12, 878, 28]",299534,270.643,8.3,2019,ENTP
1,0,ENFP,Rocket Raccoon,Guardians of the Galaxy Vol. 3,"[878, 12, 28]",447365,169.751,7.972,2023,ESTP
2,0,ENFP,Captain America,Avengers: Endgame,"[12, 878, 28]",299534,270.643,8.3,2019,ISFJ
3,0,ENFP,Peter Parker,Spider-Man: Far From Home,"[28, 12, 878]",429617,94.358,7.428,2019,ENFP
4,0,ENFP,Hobie Brown,Spider-Man: Across the Spider-Verse,"[16, 28, 12, 878]",569094,192.243,8.362,2023,ESTP
5,0,ENFP,Peter Parker,The Amazing Spider-Man,"[28, 12, 878]",1930,121.666,6.7,2012,ISTP
6,0,ENFP,Celine,Before Sunrise,"[18, 10749]",76,45.519,7.971,1995,INFP
7,0,ENFP,Jesse Wallace,Before Sunrise,"[18, 10749]",76,45.519,7.971,1995,ENTP
8,0,ENFP,Bella Baxter,Poor Things,"[878, 10749, 35]",792307,274.222,7.784,2023,ENTP
9,0,ENFP,Miles Morales,Spider-Man: Across the Spider-Verse,"[16, 28, 12, 878]",569094,192.243,8.362,2023,ISFP
10,1,INTP,Johnny English,Johnny English,"[12, 28, 35]",9486,37.133,6.275,2003,ENTP
11,1,INTP,Tony Stark,Avengers: Infinity War,"[12, 28, 878]",299536,295.276,8.2,2018,ENTP
12,1,INTP,Pete Maverick Mitchell,Top Gun: Maverick,"[28, 18]",361743,153.576,8.219,2022,ESTP
13,1,INTP,Neo,The Matrix,"[28, 878]",603,470.112,8.216,1999,INTP
14,1,INTP,Wade Watts,Ready Player One,"[12, 28, 878]",333339,69.732,7.6,2018,INFP
15,1,INTP,Benoit Blanc,Glass Onion: A Knives Out Mystery,"[35, 80, 9648]",661374,135.911,7.049,2022,INTJ
16,1,INTP,Stephen Strange,Doctor Strange,"[28, 12, 14]",284052,397.711,7.422,2016,INTJ
17,1,INTP,J Robert Oppenheimer,Oppenheimer,"[18, 36]",872585,629.301,8.097,2023,INTJ
18,1,INTP,Puss in Boots,Puss in Boots: The Last Wish,"[16, 12, 14, 35, 10751]",315162,165.995,8.235,2022,ESTP
19,1,INTP,Loki,Avengers: Infinity War,"[12, 28, 878]",299536,295.276,8.2,2018,INFJ
20,2,INFP,Amélie Poulain,Amélie,"[35, 10749]",194,44.483,7.909,2001,INFP
21,2,INFP,V,V for Vendetta,"[28, 53, 878]",752,54.126,7.9,2006,INTJ
22,2,INFP,Ellen Ripley,Alien,"[27, 878]",348,462.271,8.153,1979,INTJ
24,2,INFP,Willy Wonka,Willy Wonka & the Chocolate Factory,"[10751, 14, 35]",252,71.783,7.503,1971,ENTP
25,2,INFP,Remus Lupin,Harry Potter and the Philosopher's Stone,"[12, 14]",671,169.942,7.913,2001,INFJ
26,2,INFP,WALL.E,WALL·E,"[16, 10751, 878]",10681,131.522,8.1,2008,INFP
27,2,INFP,Waymond Wang,Everything Everywhere All at Once,"[28, 12, 878]",545611,86.993,7.791,2022,INFP
28,2,INFP,Morticia,The Addams Family,"[10751, 16, 35, 14]",481084,50.635,6.623,2019,INFJ
29,3,ENFJ,Wanda,Avengers: Endgame,"[12, 878, 28]",299534,270.643,8.3,2019,INFP
30,3,ENFJ,Joy,Inside Out,"[16, 10751, 12, 18, 35]",150540,331.396,7.914,2015,ENFJ
31,3,ENFJ,Jack,Titanic,"[18, 10749]",597,134.948,7.905,1997,ESFP
32,3,ENFJ,Grace Le domas,Ready or Not,"[35, 27, 53]",567609,209.609,7.059,2019,ESFP
33,4,INTP,Naomi Misora,Death Note,"[14, 9648, 53]",16007,25.649,7.034,2006,ISFJ
34,4,INTP,Yoriichi Tsugikuni,Demon Slayer: Kimetsu no Yaiba -To the Hashira Training-,"[16, 28, 14]",1216221,425.147,6.287,2024,INFJ
35,4,INTP,Amy,Gone Girl,"[9648, 53, 18]",210577,117.391,7.892,2014,INFJ
37,5,INTJ,Batman,Batman v Superman: Dawn of Justice,"[28, 12, 14]",209112,70.935,5.967,2016,INTJ
38,5,INTJ,Tony Stark,Iron Man,"[28, 878, 12]",1726,172.395,7.644,2008,ENTP
39,5,INTJ,Otto,A Man Called Otto,"[35, 18]",937278,96.714,7.761,2022,ISTJ
40,6,ENFJ,Katniss Everdeen,The Hunger Games,"[878, 12, 14]",70160,34.172,7.2,2012,ISTP
41,6,ENFJ,Joy,Inside Out,"[16, 10751, 12, 18, 35]",150540,331.396,7.914,2015,ENFJ
42,6,ENFJ,Elle Woods,Legally Blonde,"[35, 10749]",8835,91.553,6.758,2001,ENFJ
43,6,ENFJ,Gwen Stacy,The Amazing Spider-Man,"[28, 12, 878]",1930,121.666,6.7,2012,ENFJ
44,7,ESTP,Ok Joo,Ballerina,"[16, 12, 35, 10751]",342473,50.049,7.2,2016,ISTP
45,7,ESTP,Sienna Shaw,Terrifier 2,"[27, 53]",663712,77.097,6.8,2022,INFJ
47,7,ESTP,Erin Harson,You're Next,"[27, 53, 9648]",83899,24.287,6.596,2013,ISTP
48,8,ESTJ,Gretchen Wieners,Mean Girls,[35],673593,145.503,6.095,2024,ESFJ
49,8,ESTJ,Ken,Barbie,"[35, 12]",346698,539.162,7.056,2023,ESFP
50,8,ESTJ,Miles Morales,Spider-Man: Into the Spider-Verse,"[16, 28, 12, 878]",324857,101.048,8.404,2018,ISFP
51,8,ESTJ,Tiana,The Princess and the Frog,"[16, 10749, 14, 10751]",10198,85.426,7.206,2009,ESTJ
52,9,INFP,Emily,Corpse Bride,"[10749, 14, 16]",3933,103.562,7.553,2005,ENFP
53,9,INFP,Merida,Brave,"[16, 12, 35, 10751, 28, 14]",62177,117.303,7.018,2012,ESFP
54,9,INFP,Belle,Beauty and the Beast,"[10751, 14, 10749]",321612,95.05,6.969,2017,INFP
55,10,ENFP,Jiro Horikoshi,The Wind Rises,"[18, 16, 10749, 10752]",149870,42.593,7.785,2013,INTP
56,10,ENFP,Gretta,Begin Again,"[35, 10402, 10749, 18]",198277,31.963,7.238,2013,ENFP
57,10,ENFP,Sakura Yamauchi,I Want to Eat Your Pancreas,"[16, 18, 10749]",504253,39.228,8.226,2018,ENFP
58,10,ENFP,Makoto Konno,The Girl Who Leapt Through Time,"[14, 16, 18, 878]",14069,26.442,7.8,2006,ESFP
59,11,INTJ,Tony Stark ,Iron Man 2,"[12, 28, 878]",10138,450.202,6.84,2010,ENTP
60,11,INTJ,Phil ,The Hangover,[35],18785,89.054,7.3,2009,ESTP
61,11,INTJ,Wade Wilson ,Deadpool,"[28, 12, 35]",293660,484.203,7.612,2016,ENTP
62,11,INTJ,Sandie ,Last Night in Soho,"[9648, 53, 27]",576845,43.205,7.338,2021,ESFP
63,11,INTJ,Willy Wonka ,Charlie and the Chocolate Factory,"[12, 35, 10751, 14]",118,113.615,7.05,2005,ENFP
64,11,INTJ,Sherlock Holmes ,Sherlock Holmes,"[28, 12, 80, 9648]",10528,59.676,7.211,2009,ENTP
65,11,INTJ,Kirk Lazarus ,Tropic Thunder,"[28, 35, 12, 10752]",7446,92.043,6.665,2008,INFJ
66,11,INTJ,Alex Claremont-Diaz,"Red, White & Royal Blue","[35, 10749]",930094,75.346,8.016,2023,ENTP
67,11,INTJ,Hannibal Lecter ,The Silence of the Lambs,"[80, 18, 53]",274,18.132,8.347,1991,INTJ
68,11,INTJ,Merlin,Kingsman: The Secret Service,"[80, 35, 28, 12]",207703,100.609,7.634,2014,INTJ
69,12,ENTP,Ranchoddas Shamaldas Chanchad,3 Idiots,"[18, 35]",20453,45.07,7.99,2009,ENTP
70,12,ENTP,Bowler Hat Guy,Meet the Robinsons,"[16, 35, 10751]",1267,48.217,6.905,2007,INFP
71,12,ENTP,Ralph,Wreck-It Ralph,"[10751, 16, 35, 12]",82690,71.414,7.338,2012,ISFP
73,13,INFP,Satoru Gojo,Jujutsu Kaisen 0,"[16, 28, 14]",810693,75.556,8.197,2021,ENTP
74,13,INFP,Amy Elliott Dunne,Gone Girl,"[9648, 53, 18]",210577,117.391,7.892,2014,INFJ
75,13,INFP,Uta,One Piece Film Red,"[16, 12, 28, 14, 10402]",900667,71.645,7.269,2022,ENFP
76,13,INFP,Enola Holmes,Enola Holmes,"[12, 9648, 80]",497582,51.918,7.286,2020,ENFP
78,14,ISTJ,Weird Barbie,Barbie,"[35, 12]",346698,539.162,7.056,2023,ENTP
79,14,ISTJ,Sang-Hwa,Train to Busan,"[27, 53, 28, 12]",396535,77.74,7.752,2016,ESTP
80,14,ISTJ,Anne Wheeler,The Greatest Showman,[18],316029,114.467,7.897,2017,INFP
81,15,INFJ,Natasha Romanoff,Avengers: Endgame,"[12, 878, 28]",299534,270.643,8.3,2019,ISTP
82,15,INFJ,Hermione Granger,Harry Potter and the Philosopher's Stone,"[12, 14]",671,169.942,7.913,2001,ESTJ
83,15,INFJ,Jo March,Little Women,"[18, 10749]",331482,71.313,7.883,2019,ENFP
84,15,INFJ,Charlotte,Lost in Translation,"[18, 10749]",153,99.17,7.395,2003,INFP
85,16,INFP,Luna Lovegood,Harry Potter and the Order of the Phoenix,"[12, 14]",675,122.416,7.681,2007,INFP
86,16,INFP,Dani,Midsommar,"[27, 18, 9648]",530385,79.786,7.2,2019,ISFP
87,16,INFP,Juli Baker,Flipped,"[10749, 18]",43949,51.479,7.999,2010,ENFP
90,17,INFP,Maria Posada,The Book of Life,"[16, 12, 35, 10751, 14]",228326,34.366,7.544,2014,ENFJ
91,17,INFP,Poppy Moore,Wild Child,"[35, 18, 10749]",13971,41.774,6.715,2008,ESFP
92,17,INFP,Jiro Horikoshi,The Wind Rises,"[18, 16, 10749, 10752]",149870,42.593,7.785,2013,INTP
93,17,INFP,Cinderella,Cinderella,"[14, 10749, 35]",593910,199.411,6.379,2021,ISFJ
94,17,INFP,Belle,Beauty and the Beast,"[10751, 14, 10749]",321612,95.05,6.969,2017,INFP
95,17,INFP,Haku,Spirited Away,"[16, 10751, 14]",129,111.345,8.536,2001,INFJ
96,17,INFP,Mia,The Princess Diaries,"[35, 10751, 10749]",9880,55.575,6.95,2001,INFP
98,17,INFP,Regina George,Mean Girls,[35],673593,145.503,6.095,2024,ESTJ
99,17,INFP,Alice,Alice in Wonderland,"[10751, 14, 12]",12155,92.641,6.636,2010,ISFJ
100,18,ENFP,Olaf,Frozen,"[16, 10751, 12, 14]",109445,133.204,7.247,2013,ENFP
101,18,ENFP,Mirabel,Encanto,"[16, 35, 10751, 14]",568124,139.31,7.606,2021,ENFP
102,18,ENFP,Clawhauser,Zootopia,"[16, 12, 10751, 35]",269149,147.091,7.747,2016,ESFP
103,18,ENFP,Abby,Turning Red,"[16, 10751, 35, 14]",508947,455.313,7.389,2022,ESFP
104,18,ENFP,Ken,Barbie,"[35, 12]",346698,539.162,7.056,2023,ESFP
105,18,ENFP,honey lemon,Big Hero 6,"[12, 10751, 16, 28, 35]",177572,109.658,7.734,2014,ESFJ
106,19,ENFP,Katniss Everdeen ,The Hunger Games,"[878, 12, 14]",70160,34.172,7.2,2012,ISTP
107,19,ENFP,Debbie ,Ocean's Eight,"[80, 35, 28]",402900,249.458,6.984,2018,INTJ
108,19,ENFP,Roxy ,Kingsman: The Secret Service,"[80, 35, 28, 12]",207703,100.609,7.634,2014,ENFJ
109,19,ENFP,Rachel Chu ,Crazy Rich Asians,"[35, 10749]",455207,170.085,7.066,2018,ENFJ
110,19,ENFP,Elle Woods ,Legally Blonde,"[35, 10749]",8835,91.553,6.758,2001,ENFJ
111,19,ENFP,Chris Gardner,The Pursuit of Happyness,[18],1402,56.118,7.902,2006,ENFP
112,19,ENFP,Lucy Gray ,The Hunger Games: The Ballad of Songbirds & Snakes,"[18, 878, 28]",695721,139.105,7.156,2023,ENFP
113,19,ENFP,Julie ,Warm Bodies,"[27, 35, 10749]",82654,29.685,6.446,2013,ENFJ
114,19,ENFP,Trinity ,Matrix,[],555879,3.274,6.9,1998,ISTP
115,19,ENFP,Marta Cabrera ,Knives Out,"[35, 80, 9648]",546554,124.913,7.849,2019,ISFJ
116,20,ENFP,Juli Baker,Flipped,"[10749, 18]",43949,51.479,7.999,2010,ENFP
117,20,ENFP,Merida,Brave,"[16, 12, 35, 10751, 28, 14]",62177,117.303,7.018,2012,ESFP
118,20,ENFP,Rapunzel,Tangled,"[16, 10751]",38757,142.839,7.607,2010,ENFP
119,20,ENFP,Spirit,Spirit: Stallion of the Cimarron,"[16, 12, 35, 10751, 18, 37, 10749]",9023,62.393,7.693,2002,ESTP
120,20,ENFP,Elizabeth Bennet,Pride & Prejudice,"[18, 10749]",4348,86.222,8.08,2005,ENFP
121,21,INFP,Nicole Barber,Marriage Story,[18],492188,50.293,7.744,2019,ENFP
122,21,INFP,Lisa,Ponyo,"[16, 14, 10751]",12429,64.057,7.744,2008,ESFP
123,21,INFP,Shouko Nishimiya,A Silent Voice: The Movie,"[16, 18]",378064,49.398,8.381,2016,ESFJ
125,21,INFP,Lin,Spirited Away,"[16, 10751, 14]",129,111.345,8.536,2001,ESTJ
126,21,INFP,Chiron,Moonlight,[18],376867,46.747,7.391,2016,ISFP
127,21,INFP,Dory,Finding Nemo,"[16, 10751]",12,158.35,7.823,2003,ENFP
128,21,INFP,Karen Smith,Mean Girls,[35],673593,145.503,6.095,2024,ENFP
129,21,INFP,Sebastian Wilder,La La Land,"[35, 18, 10749, 10402]",313369,61.05,7.902,2016,ISFP
130,21,INFP,Sadness,Inside Out,"[16, 10751, 12, 18, 35]",150540,331.396,7.914,2015,INFP
131,22,INFP,Tiana,The Princess and the Frog,"[16, 10749, 14, 10751]",10198,85.426,7.206,2009,ESTJ
132,22,INFP,Belle,Beauty and the Beast,"[10751, 14, 10749]",321612,95.05,6.969,2017,INFP
133,22,INFP,Mulan,Mulan,"[16, 10751, 12]",10674,109.864,7.912,1998,ISFP
134,22,INFP,Enola Holmes,Enola Holmes,"[12, 9648, 80]",497582,51.918,7.286,2020,ENFP
135,23,INTP,Ashitaka ,Princess Mononoke,"[12, 14, 16]",128,68.895,8.3,1997,INFJ
137,23,INTP,Howl Jenkins Pendragon,Howl's Moving Castle,"[14, 16, 12]",4935,144.626,8.408,2004,ENFP
139,23,INTP,Jiro Horikoshi ,The Wind Rises,"[18, 16, 10749, 10752]",149870,42.593,7.785,2013,INTP
140,23,INTP,Marnie ,When Marnie Was There,"[16, 18, 10751, 9648]",242828,40.254,7.9,2014,ENFJ
141,23,INTP,Tewksbury ,Enola Holmes,"[12, 9648, 80]",497582,51.918,7.286,2020,ISFP
142,24,ISFP,Alice Cullen,Twilight,"[14, 18, 10749]",8966,112.047,6.29,2008,ENFP
143,24,ISFP,Rapunzel,Tangled,"[16, 10751]",38757,142.839,7.607,2010,ENFP
144,24,ISFP,Luna Lovegood,Harry Potter and the Order of the Phoenix,"[12, 14]",675,122.416,7.681,2007,INFP
145,24,ISFP,Cedric Diggory,Harry Potter and the Goblet of Fire,"[12, 14]",674,125.941,7.815,2005,ESFJ
146,25,INTP,Gavroche,Les Miserables,[18],48750,10.367,6.815,1995,ENFP
147,25,INTP,Kyojuro Rengoku,Demon Slayer -Kimetsu no Yaiba- The Movie: Mugen Train,"[28, 16, 12, 14, 53]",635302,90.332,8.229,2020,ENFJ
148,25,INTP,Enjolras,Les Miserables,[18],48750,10.367,6.815,1995,ENTJ
149,25,INTP,Sonic,Sonic the Hedgehog,"[28, 878, 35, 10751]",454626,90.11,7.328,2020,ESFP
150,26,ISTP,Jace Wayland ,The Mortal Instruments: City of Bones,"[14, 28, 9648]",123553,42.929,6.439,2013,ISTP
151,26,ISTP,Katniss Everdeen ,The Hunger Games,"[878, 12, 14]",70160,34.172,7.2,2012,ISTP
152,26,ISTP,Shrek ,Shrek,"[16, 35, 14, 12, 10751]",808,153.778,7.741,2001,ISTP
153,26,ISTP,John Wick ,John Wick,"[28, 53]",245891,109.311,7.43,2014,ISTP
154,26,ISTP,Fa Mulan ,Mulan,"[16, 10751, 12]",10674,109.864,7.912,1998,ISTP
156,26,ISTP,Kate Dibiasky ,Don't Look Up,"[35, 878, 18]",646380,143.482,7.102,2021,ISTP
157,27,INTP,Luna Lovegood,Harry Potter and the Order of the Phoenix,"[12, 14]",675,122.416,7.681,2007,INFP
158,27,INTP,Sherlock Holmes ,Sherlock Holmes,"[28, 12, 80, 9648]",10528,59.676,7.211,2009,ENTP
159,27,INTP,Hiccup ,How to Train Your Dragon,"[14, 12, 16, 10751]",10191,67.995,7.824,2010,INTP
160,27,INTP,Neo ,The Matrix,"[28, 878]",603,470.112,8.216,1999,INTP
161,28,INFJ,Captain America,Captain America: The First Avenger,"[28, 12, 878]",1771,53.171,7,2011,ISFJ
162,28,INFJ,Beatrice,Divergent,"[28, 12, 878]",157350,69.602,6.918,2014,ISFP
163,28,INFJ,Elio,Call Me by Your Name,"[10749, 18]",398818,69.532,8.145,2017,INFP
164,28,INFJ,Sophie,Aftersun,[18],965150,54.721,7.69,2022,ENTP
165,28,INFJ,Coriolanus Coryo Snow,The Hunger Games: The Ballad of Songbirds & Snakes,"[18, 878, 28]",695721,139.105,7.156,2023,ENTJ
166,28,INFJ,Calum,Aftersun,[18],965150,54.721,7.69,2022,INFP
167,29,INTJ,Aragorn,The Lord of the Rings: The Fellowship of the Ring,"[12, 14, 28]",120,138.777,8.412,2001,INFJ
168,29,INTJ,Bruce Wayne,Batman Returns,"[28, 14]",364,68.947,6.925,1992,INTJ
169,29,INTJ,jack sparrow,Pirates of the Caribbean: The Curse of the Black Pearl,"[12, 14, 28]",22,135.681,7.8,2003,ENTP
170,29,INTJ,anakin skywalker,Star Wars: Episode I - The Phantom Menace,"[12, 28, 878]",1893,66.907,6.548,1999,ESFP
171,29,INTJ,Simba,The Lion King,"[12, 18, 10751, 16]",420818,249.113,7.115,2019,ESFP
172,29,INTJ,Nathan Algren,The Last Samurai,"[18, 28, 10752]",616,53.382,7.586,2003,ISTP
173,30,INTJ,Mavis Dracula,Hotel Transylvania,"[16, 35, 10751, 14]",76492,87.926,6.957,2012,ENFP
174,30,INTJ,Stephen Strange,Doctor Strange,"[28, 12, 14]",284052,397.711,7.422,2016,INTJ
175,30,INTJ,Peter Parker,Spider-Man: Far From Home,"[28, 12, 878]",429617,94.358,7.428,2019,ENFP
176,30,INTJ,Yuta Okkotsu,Jujutsu Kaisen 0,"[16, 28, 14]",810693,75.556,8.197,2021,INFJ
177,30,INTJ,Luna Lovegood,Harry Potter and the Order of the Phoenix,"[12, 14]",675,122.416,7.681,2007,INFP
178,30,INTJ,Camilo Madrigal,Encanto,"[16, 35, 10751, 14]",568124,139.31,7.606,2021,ENTP
179,30,INTJ,Jack Frost,Rise of the Guardians,"[10751, 16, 14, 28, 12]",81188,61.282,7.362,2012,ESTP
180,30,INTJ,Neteyam,Avatar: The Way of Water,"[878, 12, 28]",76600,272.856,7.624,2022,INFJ
181,30,INTJ,Akaza,Demon Slayer -Kimetsu no Yaiba- The Movie: Mugen Train,"[28, 16, 12, 14, 53]",635302,90.332,8.229,2020,ESTP
182,31,INFP,Brian ,The Breakfast Club,"[35, 18]",2108,72.818,7.746,1985,ISFJ
183,31,INFP,Ellis ,The Shawshank Redemption,"[18, 80]",278,132.406,8.705,1994,ISTP
184,31,INFP,Edward Scissorhands,Edward Scissorhands,"[14, 18, 10749]",162,88.672,7.716,1990,INFP
185,31,INFP,Chihiro ,Spirited Away,"[16, 10751, 14]",129,111.345,8.536,2001,INFP
186,31,INFP,Luna Lovegood ,Harry Potter and the Order of the Phoenix,"[12, 14]",675,122.416,7.681,2007,INFP
187,31,INFP,Howl ,Howl's Moving Castle,"[14, 16, 12]",4935,144.626,8.408,2004,ENFP
188,31,INFP,Charlie ,The Perks of Being a Wallflower,[18],84892,48.748,7.794,2012,INFP
189,31,INFP,Joker ,Joker,"[80, 53, 18]",475557,445.427,8.161,2019,INFP
190,31,INFP,Karen Smith ,Mean Girls,[35],673593,145.503,6.095,2024,ENFP
191,31,INFP,Cameron ,10 Things I Hate About You,"[35, 10749, 18]",4951,51.613,7.588,1999,INFP
192,32,INTP,Gru,Despicable Me,"[10751, 16, 35]",20352,107.782,7.235,2010,INTJ
193,32,INTP,Stephen Strange,Doctor Strange,"[28, 12, 14]",284052,397.711,7.422,2016,INTJ
194,32,INTP,Willy wonka,Charlie and the Chocolate Factory,"[12, 35, 10751, 14]",118,113.615,7.05,2005,ENFP
195,32,INTP,Haku,Spirited Away,"[16, 10751, 14]",129,111.345,8.536,2001,INFJ
197,32,INTP,Baymax,Big Hero 6,"[12, 10751, 16, 28, 35]",177572,109.658,7.734,2014,ISFJ
198,33,INTJ,Emma Woodhouse,Emma.,"[35, 10749]",556678,39.393,7,2020,ENFJ
199,33,INTJ,Flynn Rider,Tangled,"[16, 10751]",38757,142.839,7.607,2010,ESTP
200,33,INTJ,Tony Stark,Avengers: Endgame,"[12, 878, 28]",299534,270.643,8.3,2019,ENTP
201,33,INTJ,Mulan,Mulan,"[16, 10751, 12]",10674,109.864,7.912,1998,ISFP
202,33,INTJ,Isabela Madrigal,Encanto,"[16, 35, 10751, 14]",568124,139.31,7.606,2021,ESTJ
203,33,INTJ,Katniss Everdeen,The Hunger Games,"[878, 12, 14]",70160,34.172,7.2,2012,ISTP
204,34,ISTP,Po,Kung Fu Panda,"[28, 12, 16, 10751, 35]",9502,125.586,7.281,2008,ENFP
205,34,ISTP,John Wick,John Wick,"[28, 53]",245891,109.311,7.43,2014,ISTP
206,34,ISTP,Ip Man,Ip Man,"[18, 28, 36]",14756,18.426,7.75,2008,ISTJ
207,35,ISTP,Wanda Maximoff,Avengers: Infinity War,"[12, 28, 878]",299536,295.276,8.2,2018,INFP
208,35,ISTP,Bellatrix Lestrange,Harry Potter and the Deathly Hallows: Part 2,"[14, 12]",12445,117.591,8.098,2011,ESFP
209,35,ISTP,Luna Lovegood,Harry Potter and the Order of the Phoenix,"[12, 14]",675,122.416,7.681,2007,INFP
210,35,ISTP,Raven,Teen Titans: Trouble in Tokyo,"[16, 28, 878, 10770]",16237,40.633,7.792,2006,INTJ
211,35,ISTP,Disgust,Inside Out,"[16, 10751, 12, 18, 35]",150540,331.396,7.914,2015,ESTP
212,36,INFJ,Amy Elliott Dunne,Gone Girl,"[9648, 53, 18]",210577,117.391,7.892,2014,INFJ
213,36,INFJ,Mia,La La Land,"[35, 18, 10749, 10402]",313369,61.05,7.902,2016,ENFJ
214,36,INFJ,Beatrice,Divergent,"[28, 12, 878]",157350,69.602,6.918,2014,ISFP
215,36,INFJ,Cruella de Vil ,Cruella,"[35, 80]",337404,91.194,8,2021,ENTJ
216,36,INFJ,Andrea,The Devil Wears Prada,"[18, 35]",350,78.74,7.395,2006,ENFP
217,37,INFJ,Maximus,Gladiator,"[28, 18, 12]",98,87.373,8.216,2000,ISTJ
218,37,INFJ,Howl,Howl's Moving Castle,"[14, 16, 12]",4935,144.626,8.408,2004,ENFP
219,37,INFJ,Paul Atreides,Dune,"[878, 12]",438631,523.415,7.78,2021,INFJ
220,37,INFJ,Ofelia,Pan's Labyrinth,"[14, 18, 10752]",1417,171.305,7.76,2006,INFP
221,38,INTP,Evelyn Salt,Salt,"[28, 9648, 53]",27576,51.145,6.412,2010,ISTP
222,38,INTP,Master Oogway,Kung Fu Panda,"[28, 12, 16, 10751, 35]",9502,125.586,7.281,2008,INFJ
223,38,INTP,Suzume Iwato,Suzume,"[16, 18, 12, 14]",916224,67.413,7.996,2022,ISFP
224,38,INTP,Robert Langdon,The Da Vinci Code,"[53, 9648]",591,52.741,6.723,2006,INTP
225,39,INTP,bowser,The Super Mario Bros. Movie,"[16, 10751, 12, 14, 35]",502356,198.964,7.675,2023,ESFP
226,39,INTP,spider-punk,Spider-Man: Across the Spider-Verse,"[16, 28, 12, 878]",569094,192.243,8.362,2023,ESTP
227,39,INTP,iron man,Avengers: Endgame,"[12, 878, 28]",299534,270.643,8.3,2019,ENTP
228,39,INTP,captain underpants,Captain Underpants: The First Epic Movie,"[28, 16, 35, 10751]",268531,40.044,6.233,2017,ENFP
229,40,INFJ,Emily,Corpse Bride,"[10749, 14, 16]",3933,103.562,7.553,2005,ENFP
230,40,INFJ,Leia Organa,Star Wars,"[12, 28, 878]",11,457.872,8.203,1977,ENTJ
231,40,INFJ,Lucy,Two Weeks Notice,"[35, 10749]",2642,24.358,6.353,2002,ENFP
234,40,INFJ,Dani,Midsommar,"[27, 18, 9648]",530385,79.786,7.2,2019,ISFP
235,40,INFJ,Arthur,Past Lives,"[18, 10749]",666277,76.939,7.806,2023,INFP
236,40,INFJ,Sasha,Always Be My Maybe,"[10749, 35]",513576,20.657,6.647,2019,ENTJ
237,41,ENTJ,Mark Watney,The Martian,"[18, 12, 878]",286217,111.545,7.685,2015,ENTP
238,41,ENTJ,Peter Parker,Spider-Man,"[28, 878]",557,133.914,7.295,2002,ENFP
239,41,ENTJ,Hiro Hamada,Big Hero 6,"[12, 10751, 16, 28, 35]",177572,109.658,7.734,2014,INTP
240,41,ENTJ,Tony Stark,Iron Man,"[28, 878, 12]",1726,172.395,7.644,2008,ENTP
241,41,ENTJ,Hogarth Hughes,The Iron Giant,"[10751, 16, 878, 12]",10386,56.07,7.9,1999,ENFP
242,41,ENTJ,Miles Morales,Spider-Man: Into the Spider-Verse,"[16, 28, 12, 878]",324857,101.048,8.404,2018,ISFP
243,41,ENTJ,Mai,Next Gen,"[16, 28, 12, 35, 10751, 878]",523777,40.518,6.945,2018,ISTP
244,41,ENTJ,Dr Emmett Doc Brown,Back to the Future,"[12, 35, 878]",105,119.06,8.317,1985,ENTP
245,41,ENTJ,Jim Preston,Passengers,"[18, 10749, 878]",274870,216.861,6.944,2016,ISTP
246,41,ENTJ,Neo,Matrix,[],555879,3.274,6.9,1998,INTP
247,42,ISTJ,Shun,From Up on Poppy Hill,"[16, 18]",83389,37.813,7.5,2011,ISFP
248,42,ISTJ,Park Ki-Joon,Midnight Runners,"[35, 28, 80]",453127,18.62,7.495,2017,ESFP
250,42,ISTJ,Howl,Howl's Moving Castle,"[14, 16, 12]",4935,144.626,8.408,2004,ENFP
251,43,INFP,Barbie,Barbie: A Fairy Secret,"[16, 10751, 14]",57737,22.378,6.799,2011,ENFJ
252,43,INFP,Howl,Howl's Moving Castle,"[14, 16, 12]",4935,144.626,8.408,2004,ENFP
253,43,INFP,Raju,3 Idiots,"[18, 35]",20453,45.07,7.99,2009,ISFJ
254,43,INFP,Sophie,Howl's Moving Castle,"[14, 16, 12]",4935,144.626,8.408,2004,ISFJ
255,43,INFP,Elsa,Frozen,"[16, 10751, 12, 14]",109445,133.204,7.247,2013,INFJ
256,43,INFP,Isabela Madrigal,Encanto,"[16, 35, 10751, 14]",568124,139.31,7.606,2021,ESTJ
257,43,INFP,Regina George,Mean Girls,[35],673593,145.503,6.095,2024,ESTJ
258,43,INFP,Gojo,Jujutsu Kaisen 0,"[16, 28, 14]",810693,75.556,8.197,2021,ENTP
259,43,INFP,Mei Mei,Jujutsu Kaisen 0,"[16, 28, 14]",810693,75.556,8.197,2021,ENTJ
260,43,INFP,Elle Woods,Legally Blonde,"[35, 10749]",8835,91.553,6.758,2001,ENFJ
261,44,INFJ,Riggan Thomson,Birdman,[99],435092,2.691,3.167,2015,ENFP
262,44,INFJ,John Miller,Saving Private Ryan,"[18, 36, 10752]",857,110.22,8.214,1998,ISTJ
263,44,INFJ,Joseph Cooper,Interstellar,"[12, 18, 878]",157336,418.071,8.434,2014,ISTP
264,44,INFJ,John Nash,A Beautiful Mind,"[18, 10749]",453,123.182,7.857,2001,INTJ
265,44,INFJ,Oskar Schindler,Schindler's List,"[18, 36, 10752]",424,82.306,8.567,1993,ESTP
266,44,INFJ,John Anderton,Minority Report,"[878, 28, 53]",180,52.527,7.347,2002,ISTP
267,44,INFJ,Andy Dufresne,The Shawshank Redemption,"[18, 80]",278,132.406,8.705,1994,INTJ
268,44,INFJ,Paul Hunham,The Holdovers,"[35, 18]",840430,88.432,7.722,2023,ISTJ
269,44,INFJ,Forrest Gump,Forrest Gump,"[35, 18, 10749]",13,182.805,8.475,1994,ISFJ
270,44,INFJ,Bruce Wayne,The Dark Knight,"[18, 28, 80, 53]",155,106.025,8.515,2008,INTJ
271,45,INFJ,Galadriel,The Lord of the Rings: The Two Towers,"[12, 14, 28]",121,97.108,8.395,2002,INFJ
272,45,INFJ,Elle Woods,Legally Blonde,"[35, 10749]",8835,91.553,6.758,2001,ENFJ
273,45,INFJ,Elizabeth Bennet,Pride & Prejudice,"[18, 10749]",4348,86.222,8.08,2005,ENFP
274,45,INFJ,Jane Smith,Mr. & Mrs. Smith,"[28, 35, 18, 53]",787,47,6.683,2005,ENTJ
275,45,INFJ,Sarah Connor,Terminator 2: Judgment Day,"[28, 53, 878]",280,133.745,8.115,1991,ISTP
276,45,INFJ,Emma Woodhouse,Emma.,"[35, 10749]",556678,39.393,7,2020,ENFJ
277,45,INFJ,Hermione Granger,Harry Potter and the Goblet of Fire,"[12, 14]",674,125.941,7.815,2005,ESTJ
279,45,INFJ,Trinity,Matrix,[],555879,3.274,6.9,1998,ISTP
280,45,INFJ,Katniss Everdeen,The Hunger Games,"[878, 12, 14]",70160,34.172,7.2,2012,ISTP
281,46,ENFP,Joy,Inside Out,"[16, 10751, 12, 18, 35]",150540,331.396,7.914,2015,ENFJ
282,46,ENFP,Veneer,Trolls,"[10751, 16, 14, 12, 35, 10402]",136799,57.365,6.656,2016,ENFP
283,46,ENFP,Elle Woods,Legally Blonde,"[35, 10749]",8835,91.553,6.758,2001,ENFJ
284,46,ENFP,Augustus,The Fault in Our Stars,"[10749, 18]",222935,44.824,7.596,2014,ENTP
285,46,ENFP,Benji,Pitch Perfect,"[35, 10402, 10749]",114150,50.631,7.291,2012,INFP
286,46,ENFP,Arrietty,The Secret World of Arrietty,"[14, 16, 10751]",51739,50.841,7.657,2010,ENFP
287,46,ENFP,Weird Barbie,Barbie,"[35, 12]",346698,539.162,7.056,2023,ENTP
288,46,ENFP,Wade,Elemental,"[16, 35, 10751, 14, 10749]",976573,216.103,7.66,2023,ESFJ
289,46,ENFP,Henry Roth,50 First Dates,"[35, 10749]",1824,48.682,6.86,2004,ENTP
290,47,INTJ,Blue,Jurassic World,"[28, 12, 878, 53]",135397,98.585,6.687,2015,ISFP
291,47,INTJ,Bakugo,My Hero Academia: World Heroes' Mission,"[16, 28, 12, 878, 14]",768744,75.679,7.573,2021,ENTJ
292,47,INTJ,Hermione,Harry Potter and the Philosopher's Stone,"[12, 14]",671,169.942,7.913,2001,ESTJ
293,47,INTJ,Benji,Mission: Impossible,"[12, 28, 53]",954,141.951,6.98,1996,ENTP
294,48,ENTJ,Baby,Baby Driver,"[28, 80]",339403,389.632,7.451,2017,ISFP
295,48,ENTJ,Hobie Brown,Spider-Man: Across the Spider-Verse,"[16, 28, 12, 878]",569094,192.243,8.362,2023,ESTP
296,48,ENTJ,Cobb,Inception,"[28, 878, 12]",27205,447.889,8.368,2010,ISTP
297,48,ENTJ,Han Lue,The Fast and the Furious: Tokyo Drift,"[28, 80, 18, 53]",9615,16.97,6.5,2006,ISFP
298,49,ISTP,Hawkeye,Avengers: Age of Ultron,"[28, 12, 878]",99861,120.148,7.273,2015,ISTP
300,49,ISTP,Jack Frost,Rise of the Guardians,"[10751, 16, 14, 28, 12]",81188,61.282,7.362,2012,ESTP
302,50,ISTJ,Lady Bird,Lady Bird,"[18, 35]",391713,338.85,7.3,2017,ENFP
303,50,ISTJ,Dani,Midsommar,"[27, 18, 9648]",530385,79.786,7.2,2019,ISFP
304,50,ISTJ,Amy,Gone Girl,"[9648, 53, 18]",210577,117.391,7.892,2014,INFJ
305,50,ISTJ,Summer,(500) Days of Summer,"[35, 18, 10749]",19913,46.793,7.281,2009,ENTP
306,50,ISTJ,Gary,Licorice Pizza,"[18, 35, 10749]",718032,61.277,6.984,2021,ENFP
307,50,ISTJ,Justine,Melancholia,"[18, 878]",62215,295.393,7.195,2011,INFJ
308,50,ISTJ,Miranda,The Devil Wears Prada,"[18, 35]",350,78.74,7.395,2006,ENTJ
309,51,ISFJ,Obi-Wan,Star Wars,"[12, 28, 878]",11,457.872,8.203,1977,INFJ
310,51,ISFJ,Captain America,Avengers: Infinity War,"[12, 28, 878]",299536,295.276,8.2,2018,ISFJ
311,51,ISFJ,Will Turner,Pirates of the Caribbean: The Curse of the Black Pearl,"[12, 14, 28]",22,135.681,7.8,2003,ISFJ
312,51,ISFJ,Alice,Alice in Wonderland,"[10751, 14, 12]",12155,92.641,6.636,2010,ISFJ
313,52,ISFJ,Obi-Wan Kenobi,Star Wars,"[12, 28, 878]",11,457.872,8.203,1977,INFJ
315,52,ISFJ,Forrest Gump,Forrest Gump,"[35, 18, 10749]",13,182.805,8.475,1994,ISFJ
316,53,ISTJ,Rita,Edge of Tomorrow,"[28, 878]",137113,68.772,7.6,2014,ISTP
317,53,ISTJ,Obi-Wan Kenobi,Star Wars,"[12, 28, 878]",11,457.872,8.203,1977,INFJ
318,53,ISTJ,Ellen Ripley,Alien,"[27, 878]",348,462.271,8.153,1979,INTJ
319,53,ISTJ,Miller,Event Horizon,"[27, 878, 9648]",8413,74.515,6.521,1997,ESTJ
320,53,ISTJ,Sarah Connor,The Terminator,"[28, 53, 878]",218,488.773,7.665,1984,ISTP
321,53,ISTJ,The Dude,The Big Lebowski,"[35, 80]",115,49.496,7.844,1998,ISFP
322,54,ISFJ,Jack Callaghan,While You Were Sleeping,"[10749, 35]",2064,28.051,7.003,1995,ISTP
323,54,ISFJ,Robin Hood,Robin Hood,"[12, 28, 53]",375588,104.28,5.898,2018,ENTP
324,54,ISFJ,George Bailey,It's a Wonderful Life,"[18, 10751, 14]",1585,47.768,8.271,1946,ENFP
326,54,ISFJ,Henry Tilney,Northanger Abbey,"[10749, 18, 10770]",18093,22.476,6.81,2007,ENTP
327,54,ISFJ,Westley,The Princess Bride,"[12, 10751, 14, 35, 10749]",2493,42.122,7.68,1987,INFJ
328,54,ISFJ,Jake Hangman Seresin,Top Gun: Maverick,"[28, 18]",361743,153.576,8.219,2022,ESTP
329,54,ISFJ,Dastan,Prince of Persia: The Sands of Time,"[12, 14, 28]",9543,50.397,6.278,2010,ENTP
330,54,ISFJ,Aragorn,The Lord of the Rings,"[12, 16, 14]",123,32.144,6.555,1978,INFJ
331,54,ISFJ,Rick O'Connell,The Mummy,"[14, 53, 28, 12, 27]",282035,290.115,5.509,2017,ESTP
332,55,INTP,Iron Giant,The Iron Giant,"[10751, 16, 878, 12]",10386,56.07,7.9,1999,INFP
333,55,INTP,Rango,Rango,"[16, 35, 10751, 37, 12]",44896,86.563,6.8,2011,ENTP
334,55,INTP,Klaus,Klaus,"[16, 10751, 12, 35, 14]",508965,40.589,8.249,2019,ISFJ
335,55,INTP,Wall.E,WALL·E,"[16, 10751, 878]",10681,131.522,8.1,2008,INFP
336,56,ISTP,Sam Bell,Moon,"[878, 18]",17431,43.845,7.568,2009,ISTP
337,56,ISTP,Mima Kirigoe,Perfect Blue,"[16, 53]",10494,52.647,8.305,1998,ISFJ
338,56,ISTP,Motoko,Ghost in the Shell,"[878, 18, 28]",315837,107.146,6.074,2017,ISTP
339,56,ISTP,Ripley,Alien,"[27, 878]",348,462.271,8.153,1979,INTJ
340,57,ISTJ,Hermione ,Harry Potter and the Philosopher's Stone,"[12, 14]",671,169.942,7.913,2001,ESTJ
341,57,ISTJ,Andrew Neiman,Whiplash,"[18, 10402]",244786,249.672,8.382,2014,ISFP
342,57,ISTJ,Forrest Gump ,Forrest Gump,"[35, 18, 10749]",13,182.805,8.475,1994,ISFJ
343,57,ISTJ,Mia ,La La Land,"[35, 18, 10749, 10402]",313369,61.05,7.902,2016,ENFJ
344,57,ISTJ,Sebastian ,La La Land,"[35, 18, 10749, 10402]",313369,61.05,7.902,2016,ISFP
345,57,ISTJ,Aragorn ,The Lord of the Rings: The Fellowship of the Ring,"[12, 14, 28]",120,138.777,8.412,2001,INFJ
346,58,ISFJ,Elizabeth Bennet,Pride & Prejudice,"[18, 10749]",4348,86.222,8.08,2005,ENFP
347,58,ISFJ,The Djinn,Three Thousand Years of Longing,"[18, 14, 10749]",556694,36.672,6.888,2022,INTP
348,58,ISFJ,Stitch,Lilo & Stitch,"[16, 10751]",11544,74.698,7.527,2002,ESTP
349,58,ISFJ,Elinor,Sense and Sensibility,"[18, 10749]",4584,25.163,7.426,1995,ISTJ
350,58,ISFJ,Elwood Blues,The Blues Brothers,"[10402, 35, 28, 80]",525,282.43,7.741,1980,ISTP
351,58,ISFJ,Cinderella ,Cinderella,"[14, 10749, 35]",593910,199.411,6.379,2021,ISFJ
352,59,ENFP,MALEFICENT,Maleficent,"[14, 12, 28, 10751, 10749]",102651,92.005,7.092,2014,INTJ
353,59,ENFP,HAKU,Spirited Away,"[16, 10751, 14]",129,111.345,8.536,2001,INFJ
354,59,ENFP,TURNIP,Howl's Moving Castle,"[14, 16, 12]",4935,144.626,8.408,2004,ISFP
355,59,ENFP,MURRAY,Hotel Transylvania,"[16, 35, 10751, 14]",76492,87.926,6.957,2012,ESFP
356,59,ENFP,MAVIS DRACULA,Hotel Transylvania,"[16, 35, 10751, 14]",76492,87.926,6.957,2012,ENFP
357,59,ENFP,PONYO,Ponyo,"[16, 14, 10751]",12429,64.057,7.744,2008,ESFP
358,59,ENFP,THE FOX,The Little Prince,"[12, 16, 14, 10751]",309809,65.546,7.612,2015,INFJ
360,60,INFJ,Pope Benedict,The Two Popes,"[18, 36]",551332,18.736,7.501,2019,ISTJ
361,60,INFJ,Juno MacGuff,Juno,"[35, 18, 10749]",7326,33.903,7.053,2007,ENTP
362,60,INFJ,Prince Akeem,Coming to America,"[35, 10749]",9602,155.531,6.88,1988,ENFJ
363,60,INFJ,Alexander Dane,Galaxy Quest,"[35, 878, 12]",926,159.991,7.059,1999,ISTJ
364,60,INFJ,Hermione,Harry Potter and the Deathly Hallows: Part 1,"[12, 14]",12444,103.642,7.754,2010,ESTJ
365,60,INFJ,Ellen Ripley,Alien,"[27, 878]",348,462.271,8.153,1979,INTJ
366,60,INFJ,Charlotte,Lost in Translation,"[18, 10749]",153,99.17,7.395,2003,INFP
367,60,INFJ,Bob Harris,Lost in Translation,"[18, 10749]",153,99.17,7.395,2003,INTP
368,60,INFJ,Wade Wilson,Deadpool,"[28, 12, 35]",293660,484.203,7.612,2016,ENTP
369,61,ISTP,Neil Perry,Dead Poets Society,[18],207,48.5,8.314,1989,ENFJ
370,61,ISTP,Toothless,How to Train Your Dragon,"[14, 12, 16, 10751]",10191,67.995,7.824,2010,ISFP
371,61,ISTP,Daniel Atlas,Now You See Me,"[53, 80]",75656,102.258,7.343,2013,ENTJ
372,61,ISTP,Shrek,Shrek,"[16, 35, 14, 12, 10751]",808,153.778,7.741,2001,ISTP
373,62,ISTP,Eve,WALL·E,"[16, 10751, 878]",10681,131.522,8.1,2008,ISTJ
374,62,ISTP,Dory,Finding Nemo,"[16, 10751]",12,158.35,7.823,2003,ENFP
375,62,ISTP,Matilda,Matilda,"[35, 10751, 14]",10830,82.601,7.159,1996,INTJ
376,62,ISTP,Lapis lazuli,Steven Universe: The Movie,"[10770, 16, 12, 35, 14, 10402]",537061,29.359,8.206,2019,INFP
377,62,ISTP,Wallace,Scott Pilgrim vs. the World,"[28, 35, 10749]",22538,37.641,7.487,2010,ENTP
378,62,ISTP,Coraline,Coraline,"[16, 10751, 14]",14836,141.312,7.9,2009,ISFP
379,63,ESTP,Blind Al,Deadpool,"[28, 12, 35]",293660,484.203,7.612,2016,ESTP
380,63,ESTP,Ursula,The Little Mermaid,"[12, 10751, 14, 10749]",447277,110.154,6.382,2023,ENTJ
381,63,ESTP,Robocop,RoboCop,"[28, 53, 878]",5548,395.944,7.318,1987,ISTJ
382,63,ESTP,Frank Castle,The Punisher,"[28, 80, 18]",7220,61.812,6.3,2004,ISTJ
383,64,ISFP,Joseph Cooper,Interstellar,"[12, 18, 878]",157336,418.071,8.434,2014,ISTP
384,64,ISFP,John Rambo,First Blood,"[28, 12, 53, 10752]",1368,129.711,7.49,1982,ISTP
386,64,ISFP,Aragorn,The Lord of the Rings,"[12, 16, 14]",123,32.144,6.555,1978,INFJ
387,65,ESTJ,Owen Grady,Jurassic World,"[28, 12, 878, 53]",135397,98.585,6.687,2015,ESTP
389,65,ESTJ,Hermione Granger,Harry Potter and the Philosopher's Stone,"[12, 14]",671,169.942,7.913,2001,ESTJ
391,65,ESTJ,Auto,WALL·E,"[16, 10751, 878]",10681,131.522,8.1,2008,ESTJ
392,65,ESTJ,The Dragon,Damsel,"[14, 28, 12]",763215,213.443,7.1,2024,ESTJ
393,65,ESTJ,Frank Martin,The Transporter,"[28, 80, 53]",4108,63.149,6.7,2002,ISTJ
394,65,ESTJ,SoundWave,Transformers: Dark of the Moon,"[28, 878, 12]",38356,19.684,6.2,2011,ISTJ
395,65,ESTJ,Mr Fox,Fantastic Mr. Fox,"[12, 16, 35, 10751]",10315,43.828,7.797,2009,ENTP
397,66,INFJ,Trinity,The Matrix,"[28, 878]",603,470.112,8.216,1999,ISTP
398,66,INFJ,Morticia Addams,The Addams Family,"[10751, 16, 35, 14]",481084,50.635,6.623,2019,INFJ
399,66,INFJ,Jack Sparrow,Pirates of the Caribbean: The Curse of the Black Pearl,"[12, 14, 28]",22,135.681,7.8,2003,ENTP
400,66,INFJ,John Wick,John Wick,"[28, 53]",245891,109.311,7.43,2014,ISTP
401,67,ESTP,Flynn Rider,Tangled,"[16, 10751]",38757,142.839,7.607,2010,ESTP
402,67,ESTP,Regina George,Mean Girls,[35],673593,145.503,6.095,2024,ESTJ
403,67,ESTP,Ken,Barbie,"[35, 12]",346698,539.162,7.056,2023,ESFP
404,67,ESTP,Nick Wilde,Zootopia,"[16, 12, 10751, 35]",269149,147.091,7.747,2016,ENTP
405,68,ENFP,Officer K,Blade Runner 2049,"[878, 18]",335984,123.881,7.56,2017,ISTJ
406,68,ENFP,Captain Jack Sparrow,Pirates of the Caribbean: At World's End,"[12, 14, 28]",285,94.167,7.3,2007,ENTP
407,68,ENFP,Miles Morales,Spider-Man: Into the Spider-Verse,"[16, 28, 12, 878]",324857,101.048,8.404,2018,ISFP
408,68,ENFP,John Wick,John Wick,"[28, 53]",245891,109.311,7.43,2014,ISTP
409,69,ISTP,flynn rider,Tangled,"[16, 10751]",38757,142.839,7.607,2010,ESTP
410,69,ISTP,megara,Hercules,"[16, 10751, 14, 12, 35, 10749]",11970,109.504,7.504,1997,ISTP
411,69,ISTP,alice,Alice in Wonderland,"[10751, 14, 12]",12155,92.641,6.636,2010,ISFJ
412,69,ISTP,merida,Brave,"[16, 12, 35, 10751, 28, 14]",62177,117.303,7.018,2012,ESFP
413,70,ESTJ,Sweeney Todd,Sweeney Todd: The Demon Barber of Fleet Street,"[27, 53, 18, 10402]",298663,4.207,8.1,2014,INFP
414,70,ESTJ,John Kramer,Saw,"[27, 9648, 80]",176,73.482,7.417,2004,INFJ
415,70,ESTJ,Billy Loomis,Scream,"[80, 27, 9648]",4232,253.098,7.423,1996,ISTP
416,70,ESTJ,Freddy Krueger,A Nightmare on Elm Street,[27],377,54.595,7.334,1984,ENTP
417,70,ESTJ,Galvatron,The Transformers: The Movie,"[16, 878, 28, 12, 10751]",1857,24.45,7.142,1986,ESTJ
418,71,INTJ,Elsa,Frozen,"[16, 10751, 12, 14]",109445,133.204,7.247,2013,INFJ
419,71,INTJ,Newt,The Maze Runner,"[28, 9648, 878, 53]",198663,136.77,7.182,2014,ISFJ
420,71,INTJ,Margot,The Menu,"[35, 53, 27]",593643,139.624,7.184,2022,ISTP
421,71,INTJ,Wade,Elemental,"[16, 35, 10751, 14, 10749]",976573,216.103,7.66,2023,ESFJ
422,72,ENFP,Harley Quinn,Suicide Squad,"[28, 12, 14]",297761,220.187,5.9,2016,ENFP
423,72,ENFP,Neo,The Matrix,"[28, 878]",603,470.112,8.216,1999,INTP
425,72,ENFP,Tony Stark,Iron Man,"[28, 878, 12]",1726,172.395,7.644,2008,ENTP
426,73,INTP,Alan Turing,The Imitation Game,"[36, 18, 53, 10752]",205596,78.023,8.004,2014,INTP
427,73,INTP,Dr Emmett Doc Brown,Back to the Future,"[12, 35, 878]",105,119.06,8.317,1985,ENTP
428,73,INTP,Luna Lovegood,Harry Potter and the Order of the Phoenix,"[12, 14]",675,122.416,7.681,2007,INFP
430,74,INTJ,Q,Skyfall,"[28, 12, 53]",37724,74.664,7.2,2012,INTP
433,75,ISTJ,Scar,The Lion King,"[12, 18, 10751, 16]",420818,249.113,7.115,2019,INTJ
434,75,ISTJ,Tiana,The Princess and the Frog,"[16, 10749, 14, 10751]",10198,85.426,7.206,2009,ESTJ
435,75,ISTJ,Nanami,Jujutsu Kaisen 0,"[16, 28, 14]",810693,75.556,8.197,2021,ISTJ
436,75,ISTJ,Coriolanus Coryo Snow,The Hunger Games,"[878, 12, 14]",70160,34.172,7.2,2012,ENTJ
437,75,ISTJ,Frollo,The Hunchback of Notre Dame,"[18, 16, 10751]",10545,64.592,7.111,1996,INTJ
438,76,INTJ,Beau Wassermann,Beau Is Afraid,"[35, 12, 14]",798286,37.495,6.73,2023,ISFJ
441,76,INTJ,Mikey Waters,My Own Private Idaho,[18],468,28.183,7.056,1991,INFP
442,76,INTJ,Carrie White,Carrie,"[27, 53]",7340,120.696,7.313,1976,ISFJ
446,76,INTJ,Annie Graham,Hereditary,"[27, 9648, 53]",493922,93.978,7.286,2018,ISTP
448,77,ENFJ,Joel Barish,Eternal Sunshine of the Spotless Mind,"[878, 18, 10749]",38,77.807,8.097,2004,ISFJ
449,77,ENFJ,Amélie Poulain,Amélie,"[35, 10749]",194,44.483,7.909,2001,INFP
450,77,ENFJ,Moana Waialiki,Moana,"[12, 35, 10751, 14]",1108427,61.657,0,2026,ENFJ
451,77,ENFJ,Peter Quill,Guardians of the Galaxy Vol. 2,"[878, 12, 28]",283995,98.203,7.62,2017,ESFP
452,77,ENFJ,Thor Odinson,Thor: Ragnarok,"[28, 12, 878]",284053,483.39,7.592,2017,ESTP
453,77,ENFJ,Captain America,Avengers: Endgame,"[12, 878, 28]",299534,270.643,8.3,2019,ISFJ
454,78,INFP,Susanna,"Girl, Interrupted",[18],3558,45.599,7.557,1999,INFP
455,78,INFP,Weird Barbie,Barbie,"[35, 12]",346698,539.162,7.056,2023,ENTP
456,78,INFP,Sam,Stuck in Love,"[18, 35]",111969,27.07,7.389,2013,ENTJ
457,78,INFP,Westley,The Princess Bride,"[12, 10751, 14, 35, 10749]",2493,42.122,7.68,1987,INFJ
458,79,INFP,Desmond Poppy,Nativity!,"[35, 10751]",49522,26.779,6.258,2009,ENFP
459,79,INFP,Hannibal Lecter,The Silence of the Lambs,"[80, 18, 53]",274,18.132,8.347,1991,INTJ
460,79,INFP,Hermione Granger,Harry Potter and the Philosopher's Stone,"[12, 14]",671,169.942,7.913,2001,ESTJ
461,79,INFP,Bucky Barnes,Captain America: The Winter Soldier,"[28, 12, 878]",100402,43.665,7.665,2014,ISTP
462,79,INFP,Miranda Priestly,The Devil Wears Prada,"[18, 35]",350,78.74,7.395,2006,ENTJ
463,79,INFP,Stephen Strange,Doctor Strange,"[28, 12, 14]",284052,397.711,7.422,2016,INTJ
464,80,ISFP,Peter Parker,The Amazing Spider-Man,"[28, 12, 878]",1930,121.666,6.7,2012,ISTP
465,80,ISFP,Gwen Stacy,Spider-Man: Into the Spider-Verse,"[16, 28, 12, 878]",324857,101.048,8.404,2018,ISTP
466,80,ISFP,Nimona,Nimona,"[12, 16, 14, 10751]",961323,129.688,7.939,2023,ESFP
467,80,ISFP,Kronk,The Emperor's New Groove,"[12, 16, 35, 10751, 14]",11688,87.075,7.558,2000,ESFJ
468,81,INFP,Sauron,The Lord of the Rings: The Fellowship of the Ring,"[12, 14, 28]",120,138.777,8.412,2001,ESTJ
469,81,INFP,Severus Snape,Harry Potter and the Half-Blood Prince,"[12, 14]",767,111.016,7.693,2009,INTJ
470,81,INFP,Darth Vader,Star Wars: Episode III - Revenge of the Sith,"[12, 28, 878]",1895,66.308,7.425,2005,ISTJ
471,81,INFP,John Wick,John Wick,"[28, 53]",245891,109.311,7.43,2014,ISTP
472,82,INFP,Carol Ledoux,Repulsion,"[18, 53, 27]",11481,25.716,7.414,1965,INFP
473,82,INFP,Carrie White,Carrie,"[27, 53]",7340,120.696,7.313,1976,ISFJ
474,82,INFP,Lux Lisbon,The Virgin Suicides,"[18, 10749]",1443,54.678,7.111,2000,ESFP
475,82,INFP,Luna Lovegood,Harry Potter and the Order of the Phoenix,"[12, 14]",675,122.416,7.681,2007,INFP
476,83,ESTJ,Kim Ki-woo,Parasite,"[27, 878]",48311,15.77,4.711,1982,ISFP
478,83,ESTJ,Hae Sung,Past Lives,"[18, 10749]",666277,76.939,7.806,2023,ISFJ
479,84,ENFJ,Ulysses Everett McGill,"O Brother, Where Art Thou?","[12, 35, 80]",134,31.136,7.334,2000,ENTP
482,84,ENFJ,Happy Gilmore,Happy Gilmore,[35],9614,49.36,6.633,1996,ISTP
483,85,INFJ,Star ,American Honey,[18],340485,26.958,6.802,2016,ISFP
484,85,INFJ, The Unicorn ,The Last Unicorn,"[14, 16, 10751, 12]",10150,23.133,7.112,1982,INFJ
485,85,INFJ,Ricky Fitts ,American Beauty,[18],14,255.239,8.019,1999,INFP
486,85,INFJ,Charlotte ,Lost in Translation,"[18, 10749]",153,99.17,7.395,2003,INFP
487,86,ISFJ,Rambo,First Blood,"[28, 12, 53, 10752]",1368,129.711,7.49,1982,ISTP
489,86,ISFJ,Jack sparrow,Pirates of the Caribbean: The Curse of the Black Pearl,"[12, 14, 28]",22,135.681,7.8,2003,ENTP
490,86,ISFJ,Thor,Thor,"[12, 14, 28]",10195,106.439,6.769,2011,ESTP
491,87,INTP,Ash,Evil Dead,[27],109428,172.501,6.54,2013,ISTP
492,87,INTP,Rico,Starship Troopers,"[12, 28, 53, 878]",563,76.763,7.057,1997,ESFP
493,87,INTP,V,V for Vendetta,"[28, 53, 878]",752,54.126,7.9,2006,INTJ
494,87,INTP,Ripley,Alien,"[27, 878]",348,462.271,8.153,1979,INTJ
495,87,INTP,Neo,The Matrix,"[28, 878]",603,470.112,8.216,1999,INTP
496,88,INTP,Natasha Romanoff,Avengers: Endgame,"[12, 878, 28]",299534,270.643,8.3,2019,ISTP
497,88,INTP,Enola Holmes,Enola Holmes,"[12, 9648, 80]",497582,51.918,7.286,2020,ENFP
498,88,INTP,Aragorn,The Lord of the Rings,"[12, 16, 14]",123,32.144,6.555,1978,INFJ
499,88,INTP,Captain Klenzendorf,Jojo Rabbit,"[35, 10752, 18]",515001,60.672,8.025,2019,ENTP
500,89,INTP,Miranda Priestly,The Devil Wears Prada,"[18, 35]",350,78.74,7.395,2006,ENTJ
501,89,INTP,Emmet,The Lego Batman Movie,"[16, 28, 35, 10751]",324849,110.286,7.218,2017,ESFJ
502,89,INTP,Immortan Joe,Mad Max: Fury Road,"[28, 12, 878]",76341,455.831,7.6,2015,ENTJ
503,89,INTP,Thanos,Avengers: Infinity War,"[12, 28, 878]",299536,295.276,8.2,2018,INTJ
504,89,INTP,Hannibal Lecter,The Silence of the Lambs,"[80, 18, 53]",274,18.132,8.347,1991,INTJ
505,89,INTP,Dr Facilier,The Princess and the Frog,"[16, 10749, 14, 10751]",10198,85.426,7.206,2009,ENTP
506,90,ENFJ,Ferris Bueller ,Ferris Bueller's Day Off,[35],9377,38.076,7.6,1986,ENTP
507,90,ENFJ,Inigo Montoya ,The Princess Bride,"[12, 10751, 14, 35, 10749]",2493,42.122,7.68,1987,ISFP
509,90,ENFJ,Daphne ,Some Like It Hot,"[35, 10749, 80]",239,45.252,8.1,1959,ESFJ
510,91,ENFP,Anna,Frozen,"[16, 10751, 12, 14]",109445,133.204,7.247,2013,ENFP
511,91,ENFP,Louisa Lou Clark,Me Before You,"[18, 10749]",296096,114.895,7.926,2016,ENFP
512,91,ENFP,Clementine,Eternal Sunshine of the Spotless Mind,"[878, 18, 10749]",38,77.807,8.097,2004,ENFP
513,91,ENFP,Jo March,Little Women,"[18, 10749]",331482,71.313,7.883,2019,ENFP
514,92,ISFP,Taki,Your Name.,"[16, 10749, 18]",372058,93.913,8.495,2016,ISTP
515,92,ISFP,Alex,"Red, White & Royal Blue","[35, 10749]",930094,75.346,8.016,2023,ENTP
516,92,ISFP,Henry,"Red, White & Royal Blue","[35, 10749]",930094,75.346,8.016,2023,INFJ
517,92,ISFP,Suzume,Suzume,"[16, 18, 12, 14]",916224,67.413,7.996,2022,ISFP
518,93,INFP,Ishaan,Like Stars on Earth,[18],7508,26.216,7.995,2007,INFP
519,93,INFP,Evelyn,Salt,"[28, 9648, 53]",27576,51.145,6.412,2010,ISTP
520,93,INFP,Merida,Brave,"[16, 12, 35, 10751, 28, 14]",62177,117.303,7.018,2012,ESFP
521,93,INFP,Otto,A Man Called Otto,"[35, 18]",937278,96.714,7.761,2022,ISTJ
522,94,INFP,Ursula,Kiki's Delivery Service,"[16, 10751, 14]",16859,60.526,7.828,1989,ESFP
523,94,INFP,loki laufeyson,Thor,"[12, 14, 28]",10195,106.439,6.769,2011,INFJ
524,94,INFP,colette tatou,Ratatouille,"[16, 35, 10751, 14]",2062,123.258,7.82,2007,ESTJ
525,94,INFP,Cruella de Vil,Cruella,"[35, 80]",337404,91.194,8,2021,ENTJ
526,94,INFP,kevin khatchadourian,We Need to Talk About Kevin,"[18, 53]",71859,34.062,7.559,2011,ISTP
527,94,INFP,ben solo,Star Wars: The Last Jedi,"[12, 28, 878]",181808,78.98,6.8,2017,INFP
528,94,INFP,willy wonka,Charlie and the Chocolate Factory,"[12, 35, 10751, 14]",118,113.615,7.05,2005,ENFP
529,94,INFP,Gru,Despicable Me,"[10751, 16, 35]",20352,107.782,7.235,2010,INTJ
531,94,INFP,mulan,Mulan,"[16, 10751, 12]",10674,109.864,7.912,1998,ISFP
532,95,ENTP,Megamind,Megamind,"[16, 28, 35, 10751, 878]",38055,98.506,6.986,2010,ENTP
533,95,ENTP,Shen,Kung Fu Panda 2,"[16, 10751, 35]",49444,77.51,7.019,2011,ENTJ
534,95,ENTP,Miles Morales,Spider-Man: Into the Spider-Verse,"[16, 28, 12, 878]",324857,101.048,8.404,2018,ISFP
535,96,ESTJ,Aragorn,The Lord of the Rings: The Fellowship of the Ring,"[12, 14, 28]",120,138.777,8.412,2001,INFJ
536,96,ESTJ,Lt Dan Taylor,Forrest Gump,"[35, 18, 10749]",13,182.805,8.475,1994,ESTJ
537,96,ESTJ,Superman,Superman,"[878, 28, 12]",1924,412.768,7.135,1978,ISFJ
538,96,ESTJ,Obi-Wan Kenobi,Star Wars: The Rise of Skywalker,"[12, 28, 878]",181812,83.347,6.335,2019,INFJ
539,97,INFJ,Susan Pevensie,"The Chronicles of Narnia: The Lion, the Witch and the Wardrobe","[12, 10751, 14]",411,154.546,7.1,2005,ISTJ
540,97,INFJ,Legolas,The Lord of the Rings: The Fellowship of the Ring,"[12, 14, 28]",120,138.777,8.412,2001,ISFP
541,97,INFJ,Jasmine,Aladdin,"[12, 14, 10749, 10751]",420817,215.614,7.107,2019,ESFP
542,97,INFJ,Peter B. Parker,Spider-Man: Into the Spider-Verse,"[16, 28, 12, 878]",324857,101.048,8.404,2018,INTP
543,97,INFJ,Patrick Stewart,The Perks of Being a Wallflower,[18],84892,48.748,7.794,2012,ENFP
545,97,INFJ,Hector Rivera,Coco,"[10751, 16, 10402, 12]",354912,178.501,8.212,2017,ENTP
546,97,INFJ,Richie Tozier,It,[27],346364,229.305,7.24,2017,ENTP
547,97,INFJ,Murphy Murph Cooper,Interstellar,"[12, 18, 878]",157336,418.071,8.434,2014,INFP
548,97,INFJ,Sirius Black,Harry Potter and the Order of the Phoenix,"[12, 14]",675,122.416,7.681,2007,ESTP
549,98,INFJ,Yoda,The Empire Strikes Back,"[12, 28, 878]",1891,50.136,8.389,1980,INTP
550,98,INFJ,Theoden,The Lord of the Rings: The Two Towers,"[12, 14, 28]",121,97.108,8.395,2002,ESTJ
551,98,INFJ,Rick Blaine,Casablanca,"[18, 10749]",289,220.003,8.2,1943,ISTP
553,99,INFJ,Hermione,Harry Potter and the Philosopher's Stone,"[12, 14]",671,169.942,7.913,2001,ESTJ
554,99,INFJ,Anastasia,Anastasia,"[16, 10751, 14, 12]",9444,60.842,7.6,1997,ENFP
555,99,INFJ,Darcy,Pride & Prejudice,"[18, 10749]",4348,86.222,8.08,2005,INFP
556,99,INFJ,Will traynor,Me Before You,"[18, 10749]",296096,114.895,7.926,2016,ENTJ
557,100,INFP,Chloe Beale,Pitch Perfect,"[35, 10402, 10749]",114150,50.631,7.291,2012,ENFJ
558,100,INFP,Violet Evergarden,Violet Evergarden: The Movie,"[16, 14, 10749, 18]",533514,33.168,8.254,2020,ISTJ
559,100,INFP,Alita,Alita: Battle Angel,"[28, 878, 12]",399579,151.901,7.231,2019,ENFJ
560,100,INFP,Megan Walsh,Barely Lethal,"[12, 35, 28, 10749]",248574,26.889,5.735,2015,ESFJ
561,100,INFP,The Female,Under the Skin,"[53, 878, 18]",97370,37.212,6.121,2014,INTP
563,101,ISTP,Rick Deckard,Blade Runner,"[878, 18, 53]",78,119.67,7.936,1982,ISTP
564,101,ISTP,John McClane,Die Hard,"[28, 53]",562,88.379,7.787,1988,ISTP
565,101,ISTP,Postal Dude,Postal,"[35, 28, 80, 12, 53]",2728,20.01,4.602,2007,ISFJ
566,101,ISTP,Eric Draven,The Crow,"[14, 28, 53]",9495,65.955,7.526,1994,ISFP
567,102,ISTP,Jason Bourne,Jason Bourne,"[28, 53]",324668,70.936,6.347,2016,ISTP
568,102,ISTP,Captain Jack Sparrow,Pirates of the Caribbean: The Curse of the Black Pearl,"[12, 14, 28]",22,135.681,7.8,2003,ENTP
569,102,ISTP,Credence Barebone,Fantastic Beasts and Where to Find Them,"[14, 12]",259316,70.182,7.326,2016,INFP
570,102,ISTP,Harry Callahan,Dirty Harry,"[28, 80, 53]",984,70.277,7.462,1971,ISTP
571,103,INFJ,Nina Sayers,Black Swan,"[18, 53, 27]",44214,59.558,7.7,2010,INFJ
572,103,INFJ,Buffy Summers,Buffy the Vampire Slayer,"[28, 35, 27]",10206,29.711,5.6,1992,ESFP
573,103,INFJ,Wyborne Wybie Lovat,Coraline,"[16, 10751, 14]",14836,141.312,7.9,2009,ENTP
574,103,INFJ,Jack Skellington,The Nightmare Before Christmas,"[14, 16, 10751]",9479,60.943,7.837,1993,ENTP
575,103,INFJ,Forrest Gump,Forrest Gump,"[35, 18, 10749]",13,182.805,8.475,1994,ISFJ
576,104,ENTJ,Bucky Barnes,Captain America: The Winter Soldier,"[28, 12, 878]",100402,43.665,7.665,2014,ISTP
577,104,ENTJ,Nick Wilde,Zootopia,"[16, 12, 10751, 35]",269149,147.091,7.747,2016,ENTP
578,104,ENTJ,Edmund Pevensie,"The Chronicles of Narnia: The Lion, the Witch and the Wardrobe","[12, 10751, 14]",411,154.546,7.1,2005,ISFP
579,104,ENTJ,Sirius Black,Harry Potter and the Prisoner of Azkaban,"[12, 14]",673,143.439,8.017,2004,ESTP
580,104,ENTJ,Jack Sparrow,Pirates of the Caribbean: The Curse of the Black Pearl,"[12, 14, 28]",22,135.681,7.8,2003,ENTP
581,104,ENTJ,Willy Wonka,Wonka,"[35, 10751, 14]",787699,346.143,7.166,2023,ENTP
582,104,ENTJ,Flynn Rider,Tangled,"[16, 10751]",38757,142.839,7.607,2010,ESTP
583,105,INFP,Vito Corleone,The Godfather,"[18, 80]",238,156.175,8.695,1972,INFJ
584,105,INFP,Ashitaka,Princess Mononoke,"[12, 14, 16]",128,68.895,8.3,1997,INFJ
585,105,INFP,Paul Atreides,Dune,"[878, 12]",438631,523.415,7.78,2021,INFJ
586,105,INFP,Dale Cooper,Twin Peaks: Fire Walk with Me,"[18, 9648, 27]",1923,30.72,7.3,1992,INFJ
587,106,ENTJ,Emperor Palpatine,Star Wars,"[12, 28, 878]",11,457.872,8.203,1977,INTJ
588,106,ENTJ,Emma Woodhouse,Emma.,"[35, 10749]",556678,39.393,7,2020,ENFJ
589,106,ENTJ,Kiki,Kiki's Delivery Service,"[16, 10751, 14]",16859,60.526,7.828,1989,ENFP
590,106,ENTJ,Sharpay Evans,High School Musical,"[35, 18, 10751, 10402, 10749, 10770]",10947,30.198,6.568,2006,ENTJ
591,106,ENTJ,Mary Poppins,Mary Poppins,"[35, 10751, 14]",433,57.61,7.6,1964,ESTJ
592,106,ENTJ,Tom Hagen,The Godfather,"[18, 80]",238,156.175,8.695,1972,ISTJ
593,106,ENTJ,Leia Organa,Star Wars,"[12, 28, 878]",11,457.872,8.203,1977,ENTJ
594,106,ENTJ,Captain Amelia,Treasure Planet,"[12, 16, 10751, 14, 878]",9016,85.917,7.539,2002,ENTJ
595,106,ENTJ,Eliza Doolittle,My Fair Lady,"[10402, 35, 10749, 18]",11113,41.623,7.5,1964,ENFP
596,106,ENTJ,Amy March,Little Women,"[18, 10749]",331482,71.313,7.883,2019,ESFP
597,107,INFP,Rango,Rango,"[16, 35, 10751, 37, 12]",44896,86.563,6.8,2011,ENTP
598,107,INFP,Scar,The Lion King,"[12, 18, 10751, 16]",420818,249.113,7.115,2019,INTJ
599,107,INFP,Spike Spiegel,Cowboy Bebop: The Movie,"[28, 16, 878]",11299,26.663,7.698,2001,ISTP
600,107,INFP,Sirius Black,Harry Potter and the Prisoner of Azkaban,"[12, 14]",673,143.439,8.017,2004,ESTP
601,107,INFP,John Wick,John Wick,"[28, 53]",245891,109.311,7.43,2014,ISTP
602,107,INFP,Darth Vader,Star Wars,"[12, 28, 878]",11,457.872,8.203,1977,ISTJ
603,107,INFP,Indiana Jones,Indiana Jones and the Dial of Destiny,"[12, 28]",335977,113.397,6.595,2023,ISTP
604,107,INFP,Rocky,Rocky,[18],1366,409.115,7.788,1976,ISFP
605,107,INFP,Harry Potter,Harry Potter and the Philosopher's Stone,"[12, 14]",671,169.942,7.913,2001,ISFP
606,107,INFP,Batman,The Batman,"[80, 9648, 53]",414906,529.114,7.676,2022,INTJ
607,108,ESTP,Hans,Frozen II,"[10751, 16, 12, 35, 14]",330457,121.233,7.262,2019,ENFJ
608,108,ESTP,Jillian Holtzmann,Ghostbusters,"[28, 14, 35]",43074,441.741,5.358,2016,ENTP
609,108,ESTP,Ken,Barbie,"[35, 12]",346698,539.162,7.056,2023,ESFP
610,108,ESTP,Draco Malfoy,Harry Potter and the Philosopher's Stone,"[12, 14]",671,169.942,7.913,2001,ESTJ
611,109,ESTJ,Tony Stark,The Avengers,"[878, 28, 12]",24428,176.108,7.714,2012,ENTP
612,109,ESTJ,Dr. Frank-N-Furter,The Rocky Horror Picture Show,"[35, 878, 14, 27]",36685,24.149,7.457,1975,ESFP
613,109,ESTJ,Batman,The Dark Knight,"[18, 28, 80, 53]",155,106.025,8.515,2008,INTJ
614,109,ESTJ,Loki,The Avengers,"[878, 28, 12]",24428,176.108,7.714,2012,INFJ
615,109,ESTJ,Riff Raff,The Rocky Horror Picture Show,"[35, 878, 14, 27]",36685,24.149,7.457,1975,ISTJ
616,109,ESTJ,Joker,The Dark Knight,"[18, 28, 80, 53]",155,106.025,8.515,2008,ENTP
617,109,ESTJ,Hades,Hercules,"[16, 10751, 14, 12, 35, 10749]",11970,109.504,7.504,1997,ENTP
618,109,ESTJ,Scar,The Lion King,"[12, 18, 10751, 16]",420818,249.113,7.115,2019,INTJ
619,109,ESTJ,Hannibal Lecter,The Silence of the Lambs,"[80, 18, 53]",274,18.132,8.347,1991,INTJ
620,109,ESTJ,Magenta,The Rocky Horror Picture Show,"[35, 878, 14, 27]",36685,24.149,7.457,1975,ISFP
621,110,ENTJ,J Robert Oppenheimer,Oppenheimer,"[18, 36]",872585,629.301,8.097,2023,INTJ
622,110,ENTJ,Mitsuha,Your Name.,"[16, 10749, 18]",372058,93.913,8.495,2016,INFP
623,110,ENTJ,Taki,Your Name.,"[16, 10749, 18]",372058,93.913,8.495,2016,ISTP
624,110,ENTJ,Tony Stark,Iron Man 3,"[28, 12, 878]",68721,270.746,6.928,2013,ENTP
625,110,ENTJ,Noah Calhoun,The Notebook,"[10749, 18]",11036,78.799,7.888,2004,ISFP
626,111,ENTP,Batman,The Batman,"[80, 9648, 53]",414906,529.114,7.676,2022,INTJ
627,111,ENTP,Captain America,Captain America: Civil War,"[12, 28, 878]",271110,136.479,7.4,2016,ISFJ
628,111,ENTP,Olive Penderghast,Easy A,[35],37735,58.729,6.809,2010,ENTP
629,111,ENTP,Percy Jackson,Percy Jackson & the Olympians: The Lightning Thief,"[12, 14, 10751]",32657,67.419,6.216,2010,ISFP
630,111,ENTP,Kabir Bunny Thapar,Yeh Jawaani Hai Deewani,"[10749, 35]",185008,15.294,7.2,2013,ENTP
632,112,ENFJ,Dorothy,The Wizard of Oz,"[12, 14, 10751]",630,87.029,7.585,1939,ENFP
633,112,ENFJ,Minerva McGonagall,Harry Potter and the Philosopher's Stone,"[12, 14]",671,169.942,7.913,2001,ISTJ
634,112,ENFJ,Westley,The Princess Bride,"[12, 10751, 14, 35, 10749]",2493,42.122,7.68,1987,INFJ
635,112,ENFJ,Mikey,The Goonies,"[12, 35, 10751]",9340,89.698,7.516,1985,INFP
636,112,ENFJ,Caractacus Potts,Chitty Chitty Bang Bang,"[10751, 10402, 12, 14, 35]",11708,24.361,6.8,1968,INTP
637,112,ENFJ,Indiana Jones,Raiders of the Lost Ark,"[12, 28]",85,101.376,7.9,1981,ISTP
638,112,ENFJ,Leia Organa,Star Wars,"[12, 28, 878]",11,457.872,8.203,1977,ENTJ
639,112,ENFJ,Maria Von Trapp,The Sound of Music,"[18, 10751, 10402, 10749]",15121,91.539,7.7,1965,ENFP
640,112,ENFJ,Samwise Gamgee,The Lord of the Rings: The Fellowship of the Ring,"[12, 14, 28]",120,138.777,8.412,2001,ISFJ
641,112,ENFJ,Inigo Montoya,The Princess Bride,"[12, 10751, 14, 35, 10749]",2493,42.122,7.68,1987,ISFP
642,113,ENFJ,Mulan,Mulan,"[16, 10751, 12]",10674,109.864,7.912,1998,ISFP
643,113,ENFJ,Chris Gardner,The Pursuit of Happyness,[18],1402,56.118,7.902,2006,ENFP
644,113,ENFJ,Andrea,The Devil Wears Prada,"[18, 35]",350,78.74,7.395,2006,ENFP
646,114,ESFP,Asuka Langley,Neon Genesis Evangelion: The End of Evangelion,"[16, 878, 28, 18]",18491,72.6,8.311,1997,ENTJ
647,114,ESFP,Clementine,Eternal Sunshine of the Spotless Mind,"[878, 18, 10749]",38,77.807,8.097,2004,ENFP
648,114,ESFP,Kim Ki-jeong,Parasite,"[27, 878]",48311,15.77,4.711,1982,ISTP
649,114,ESFP,Wallace Wells,Scott Pilgrim vs. the World,"[28, 35, 10749]",22538,37.641,7.487,2010,ENTP
651,114,ESFP,Remy,Ratatouille,"[16, 35, 10751, 14]",2062,123.258,7.82,2007,ISFP
652,115,ENFJ,Holly Golightly,Breakfast at Tiffany's,"[35, 10749, 18]",164,43.084,7.668,1961,ENFP
653,115,ENFJ,Jenna,13 Going on 30,"[35, 14, 10749]",10096,43.591,6.7,2004,ESFP
654,115,ENFJ,Patrick,10 Things I Hate About You,"[35, 10749, 18]",4951,51.613,7.588,1999,ISTP
655,115,ENFJ,Evie Zamora,Thirteen,[18],11023,40.692,6.611,2003,ESTP
656,115,ENFJ,Jack Sparrow,Pirates of the Caribbean: The Curse of the Black Pearl,"[12, 14, 28]",22,135.681,7.8,2003,ENTP
657,115,ENFJ,Lena,The Sisterhood of the Traveling Pants,"[18, 35, 10749]",9779,22.243,6.482,2005,ISFJ
658,115,ENFJ,Allie,The Notebook,"[10749, 18]",11036,78.799,7.888,2004,ESFJ
659,116,ENTJ,Mary Darling,Peter Pan,"[12, 14, 10751]",10601,34.275,7.176,2003,ESFJ
660,116,ENTJ,Tsutey,Avatar,"[28, 12, 14, 878]",19995,204.038,7.581,2009,ISTJ
661,116,ENTJ,Hobie Brown,Spider-Man: Across the Spider-Verse,"[16, 28, 12, 878]",569094,192.243,8.362,2023,ESTP
662,116,ENTJ,Jane Eyre,Jane Eyre,"[18, 10749]",38684,31.346,7.211,2011,INFP
663,116,ENTJ,Oliver Wood,Harry Potter and the Philosopher's Stone,"[12, 14]",671,169.942,7.913,2001,ENTJ
664,116,ENTJ,Anthony Thin Man,Charlie's Angels,"[28, 12, 35, 80, 53]",4327,44.703,5.827,2000,INTJ
665,116,ENTJ,Letty Ortiz,The Fast and the Furious,"[28, 80, 53]",9799,6.794,6.977,2001,ESTP
666,116,ENTJ,Galadriel,The Lord of the Rings,"[12, 16, 14]",123,32.144,6.555,1978,INFJ
667,116,ENTJ,Cottonmouth,Kill Bill: Vol. 1,"[28, 80]",24,68.763,8,2003,ENTJ
668,116,ENTJ,Abe Sapien,Hellboy,"[14, 27, 28, 12]",456740,148.094,5.556,2019,INTP
669,117,ISFJ,John Wick,John Wick,"[28, 53]",245891,109.311,7.43,2014,ISTP
670,117,ISFJ,Rick O'Connell,The Mummy,"[14, 53, 28, 12, 27]",282035,290.115,5.509,2017,ESTP
671,117,ISFJ,Iron Man,Avengers: Infinity War,"[12, 28, 878]",299536,295.276,8.2,2018,ENTP
672,117,ISFJ,Bryan Mills,Taken,"[28, 53]",8681,104.382,7.392,2008,ISTJ
673,117,ISFJ,Robert McCall,The Equalizer,"[53, 28, 80]",156022,154.455,7.272,2014,ISTJ
674,118,INTJ,Cameron Frye,Ferris Bueller's Day Off,[35],9377,38.076,7.6,1986,INTP
675,118,INTJ,Rick O'Connell,The Mummy,"[14, 53, 28, 12, 27]",282035,290.115,5.509,2017,ESTP
676,118,INTJ,Jack Sparrow,Pirates of the Caribbean: The Curse of the Black Pearl,"[12, 14, 28]",22,135.681,7.8,2003,ENTP
677,118,INTJ,Fester Addams,The Addams Family,"[10751, 16, 35, 14]",481084,50.635,6.623,2019,ENTP
678,118,INTJ,Zuse,TRON: Legacy,"[12, 28, 878]",20526,79.01,6.47,2010,ENTP
679,118,INTJ,Jareth,Labyrinth,"[12, 10751, 14]",13597,199.262,7.277,1986,ENTP
680,119,ISFP,Dolores,Encanto,"[16, 35, 10751, 14]",568124,139.31,7.606,2021,ISFP
681,119,ISFP,Gandalf,The Lord of the Rings: The Fellowship of the Ring,"[12, 14, 28]",120,138.777,8.412,2001,INTJ
682,119,ISFP,Tintin,The Adventures of Tintin,"[12, 16, 9648]",17578,37.039,6.896,2011,ENTP
683,119,ISFP,Captain America,Captain America: The First Avenger,"[28, 12, 878]",1771,53.171,7,2011,ISFJ
684,119,ISFP,Ip Man,Ip Man,"[18, 28, 36]",14756,18.426,7.75,2008,ISTJ
686,120,ISTP,Peter Quill,Guardians of the Galaxy,"[28, 878, 12]",118340,61.117,7.908,2014,ESFP
687,120,ISTP,Tony Stark,Avengers: Infinity War,"[12, 28, 878]",299536,295.276,8.2,2018,ENTP
688,120,ISTP,Colt Seavers,The Fall Guy,"[28, 35]",746036,1646.128,7.3,2024,ISTP
689,120,ISTP,Katniss Everdeen,The Hunger Games,"[878, 12, 14]",70160,34.172,7.2,2012,ISTP
690,121,ESFJ,Jack Sparrow,Pirates of the Caribbean: The Curse of the Black Pearl,"[12, 14, 28]",22,135.681,7.8,2003,ENTP
691,121,ESFJ,Neville Longbottom,Harry Potter and the Philosopher's Stone,"[12, 14]",671,169.942,7.913,2001,ISFJ
692,121,ESFJ,Joker,The Dark Knight,"[18, 28, 80, 53]",155,106.025,8.515,2008,ENTP
693,121,ESFJ,Tony Stark,Iron Man,"[28, 878, 12]",1726,172.395,7.644,2008,ENTP
694,122,ESTJ,Yoda ,Star Wars,"[12, 28, 878]",11,457.872,8.203,1977,INTP
695,122,ESTJ,Severus Snape ,Harry Potter and the Philosopher's Stone,"[12, 14]",671,169.942,7.913,2001,INTJ
696,122,ESTJ,Kiri ,Avatar: The Way of Water,"[878, 12, 28]",76600,272.856,7.624,2022,INFP
697,122,ESTJ,Terminator T-800 Uncle Bob,Terminator 3: Rise of the Machines,"[28, 53, 878]",296,56.048,6.159,2003,ISTJ
698,123,ENFP,Miles Morales,Spider-Man: Into the Spider-Verse,"[16, 28, 12, 878]",324857,101.048,8.404,2018,ISFP
699,123,ENFP,Uta,One Piece Film Red,"[16, 12, 28, 14, 10402]",900667,71.645,7.269,2022,ENFP
700,123,ENFP,Agent Smith,The Matrix,"[28, 878]",603,470.112,8.216,1999,INTJ
701,123,ENFP,Daniel Plainview,There Will Be Blood,[18],7345,38.917,8.083,2007,ENTJ
702,123,ENFP,The Baby,Eraserhead,"[14, 27]",985,70.49,7.385,1978,INFP
703,123,ENFP,Patrick Bateman,American Psycho,"[53, 18, 80]",1359,74.952,7.402,2000,ENTJ
704,123,ENFP,Raoul Duke,Fear and Loathing in Las Vegas,"[12, 18, 35]",1878,32.339,7.208,1998,ENTP
