char,movie,mbti,votes
Miguel O’Hara “Spider-Man 2099”,Spider-Man: Into the Spider-Verse (2018),ISTJ,5.1k Pdb Votes
Miles Morales “Spider-Man”,Spider-Man: Into the Spider-Verse (2018),ISFP,3.4k Pdb Votes
Peter Parker “Spider-Man”,The Amazing Spider-Man Duology,ISTP,2.7k Pdb Votes
Peter Parker “Spider-Man”,The Spider-Man Trilogy (2002),INFP,2.2k Pdb Votes
"Gwendolyn ""Gwen"" Stacy ""Spider-Woman""",Spider-Man: Into the Spider-Verse (2018),ISTP,2.2k Pdb Votes
"Harry Osborn ""Green Goblin""",The Amazing Spider-Man Duology,INFP,417 Pdb Votes
Peter B. Parker “Spider-Man”,Spider-Man: Into the Spider-Verse (2018),INTP,1.7k Pdb Votes
"Gwendolyn ""Gwen"" Stacy",The Amazing Spider-Man Duology,ENFJ,762 Pdb Votes
Venom,Venom (2018),ESTP,1.3k Pdb Votes
J. Jonah Jameson,The Spider-Man Trilogy (2002),ESTJ,672 Pdb Votes
Peter Parker “Spider-Man Noir”,Spider-Man: Into the Spider-Verse (2018),ISTP,560 Pdb Votes
Max Dillon “Electro”,The Amazing Spider-Man Duology,ISFP,411 Pdb Votes
Norman Osborn,The Spider-Man Trilogy (2002),ENTJ,733 Pdb Votes
"Peni Parker ""SP//dr""",Spider-Man: Into the Spider-Verse (2018),ENFP,642 Pdb Votes
Harry Osborn,The Spider-Man Trilogy (2002),ESFP,538 Pdb Votes
Mary Jane Watson,The Spider-Man Trilogy (2002),ISFP,747 Pdb Votes
May Parker,The Amazing Spider-Man Duology,ISFJ,54 Pdb Votes
Carnage,Venom (2018),ISTP,200 Pdb Votes
Flash Thompson,The Spider-Man Trilogy (2002),ESTP,52 Pdb Votes
Olivia&nbsp;Octavius,Spider-Man: Into the Spider-Verse (2018),ENTP,470 Pdb Votes
Curt Connors “The Lizard”,The Amazing Spider-Man Duology,INTJ,227 Pdb Votes
Eddie Brock “Venom”,The Spider-Man Trilogy (2002),ESFP,261 Pdb Votes
Flint Marko “Sandman”,The Spider-Man Trilogy (2002),ISFP,233 Pdb Votes
Jorge,The Amazing Spider-Man Duology,INTP,4 Pdb Votes
Richard Parker,The Amazing Spider-Man Duology,INTJ,27 Pdb Votes
Jefferson Morales,Spider-Man: Into the Spider-Verse (2018),ESTJ,269 Pdb Votes
Aaron Davis “The Prowler”,Spider-Man: Into the Spider-Verse (2018),ISTP,215 Pdb Votes
Ben Parker,The Spider-Man Trilogy (2002),ENFJ,166 Pdb Votes
"Eddie Brock ""Venom""",Venom (2018),ISFP,608 Pdb Votes
Dr. Otto Octavius “Doctor Octopus”,The Spider-Man Trilogy (2002),INTJ,885 Pdb Votes
Nightmare Spider Miles,The Spider Within: A Spider-Verse Story,XXXX,1 Pdb Vote
Peter A. Parker “Spider-Man” (Earth-1610),Spider-Man: Into the Spider-Verse (2018),ENFJ,54 Pdb Votes
Green Goblin (Personality),The Spider-Man Trilogy (2002),ESTP,292 Pdb Votes
"Eugene ""Flash"" Thompson",The Amazing Spider-Man Duology,ESTP,58 Pdb Votes
Rio Morales,Spider-Man: Into the Spider-Verse (2018),ESFJ,96 Pdb Votes
Dennis Carradine,The Spider-Man Trilogy (2002),XXXX,18 Pdb Votes
Ursula Ditkovich,The Spider-Man Trilogy (2002),ISFJ,99 Pdb Votes
Mr. Ditkovich,The Spider-Man Trilogy (2002),ESFJ,51 Pdb Votes
Dora Skirth,Venom (2018),INTP,98 Pdb Votes
Felicia Hardy,The Amazing Spider-Man Duology,INTP,67 Pdb Votes
Cletus Kasady,Venom (2018),ENFP,245 Pdb Votes
Ben Parker,The Amazing Spider-Man Duology,INFJ,84 Pdb Votes
"May Parker ""Aunt May""",The Spider-Man Trilogy (2002),ISFJ,189 Pdb Votes
Anne Weying,Venom (2018),ENFJ,109 Pdb Votes
Captain George Stacy,The Amazing Spider-Man Duology,ESTJ,89 Pdb Votes
Columbia University (Spiderman),The Spider-Man Trilogy (2002),XXXX,3 Pdb Votes
(New Character Placeholder),Spider-Man: Beyond the Spider-Verse (2024),XXXX,2 Pdb Votes
"Norman Osborn ""Green Goblin""",Spider-Man: Into the Spider-Verse (2018),XXXX,2 Pdb Votes
C. Salas,Spider-Man: Into the Spider-Verse (2018),XXXX,2 Pdb Votes
Ms. Calleros,Spider-Man: Into the Spider-Verse (2018),ENTJ,4 Pdb Votes
Vanessa Fisk,Spider-Man: Into the Spider-Verse (2018),ISFJ,41 Pdb Votes
"Lonnie Lincoln ""Tombstone""",Spider-Man: Into the Spider-Verse (2018),XXXX,21 Pdb Votes
"Maximus Gargan ""Scorpion""",Spider-Man: Into the Spider-Verse (2018),XXXX,8 Pdb Votes
Captain George Stacy,The Spider-Man Trilogy (2002),INFP,32 Pdb Votes
Spider-Man (Persona),The Amazing Spider-Man Duology,ENTP,14 Pdb Votes
The Symbiote,The Spider-Man Trilogy (2002),ENTP,11 Pdb Votes
Scientist Lady,The Spider-Man Trilogy (2002),ESFP,16 Pdb Votes
Doc Ock's arms,The Spider-Man Trilogy (2002),ESTJ,11 Pdb Votes
Rosalie Octavius,The Spider-Man Trilogy (2002),INFJ,10 Pdb Votes
T-Bone,The Amazing Spider-Man Duology,ENTJ,18 Pdb Votes
Lady  with a Violin,The Spider-Man Trilogy (2002),ENFP,5 Pdb Votes
Alistair Smythe,The Amazing Spider-Man Duology,ENTJ,12 Pdb Votes
Dr. Kafka,The Amazing Spider-Man Duology,INTP,4 Pdb Votes
Bernard Houseman,The Spider-Man Trilogy (2002),ISFJ,3 Pdb Votes
Helen Stacy,The Amazing Spider-Man Duology,ISFJ,4 Pdb Votes
Simon Stacy,The Amazing Spider-Man Duology,ENTP,21 Pdb Votes
Philip Stacy,The Amazing Spider-Man Duology,ESTP,65 Pdb Votes
Rajit Ratha,The Amazing Spider-Man Duology,ESTJ,5 Pdb Votes
Howard Stacy,The Amazing Spider-Man Duology,ISTP,29 Pdb Votes
Missy Kallenback,The Amazing Spider-Man Duology,INFP,18 Pdb Votes
Mrs. Chen,Venom (2018),INFJ,18 Pdb Votes
Gustav Fiers,The Amazing Spider-Man Duology,INTJ,18 Pdb Votes
Little Crook,The Spider-Man Trilogy (2002),ENTP,14 Pdb Votes
Henry Jackson,The Spider-Man Trilogy (2002),INFJ,24 Pdb Votes
Henry Balkan,The Spider-Man Trilogy (2002),ISTJ,18 Pdb Votes
Mendel Stromm,The Spider-Man Trilogy (2002),INTP,14 Pdb Votes
General Slocum,The Spider-Man Trilogy (2002),ESTJ,14 Pdb Votes
The French Maitre,The Spider-Man Trilogy (2002),ESFJ,36 Pdb Votes
Snooty Usher,The Spider-Man Trilogy (2002),ISTJ,29 Pdb Votes
Ring Announcer,The Spider-Man Trilogy (2002),ENTP,29 Pdb Votes
"Aleksei Sytsevich ""Rhino""",The Amazing Spider-Man Duology,ESTP,59 Pdb Votes
Patrick Mulligan,Venom (2018),ISTP,30 Pdb Votes
Frances Barrison / Shriek,Venom (2018),ESFP,23 Pdb Votes
Dan Lewis,Venom (2018),ISFJ,42 Pdb Votes
Mary Jane Parker,Spider-Man: Into the Spider-Verse (2018),ISFJ,43 Pdb Votes
Mr. Aziz,The Spider-Man Trilogy (2002),ISTJ,47 Pdb Votes
"Joseph ""Robbie"" Robertson",The Spider-Man Trilogy (2002),ISFJ,29 Pdb Votes
Ted Hoffman,The Spider-Man Trilogy (2002),INTP,76 Pdb Votes
Betty Brant,The Spider-Man Trilogy (2002),ESFJ,10 Pdb Votes
Bone Saw McGraw,The Spider-Man Trilogy (2002),ESTP,95 Pdb Votes
Dr. Curt Connors,The Spider-Man Trilogy (2002),ISTJ,93 Pdb Votes
Riot,Venom (2018),ENTJ,161 Pdb Votes
Donald Menken,The Amazing Spider-Man Duology,ISTJ,263 Pdb Votes
"Gwendolyn ""Gwen"" Stacy",The Spider-Man Trilogy (2002),ENFJ,262 Pdb Votes
May Parker,Spider-Man: Into the Spider-Verse (2018),INFJ,0
Peter Porker “Spider-Ham”,Spider-Man: Into the Spider-Verse (2018),ENFP,0
Wilson Fisk “Kingpin”,Spider-Man: Into the Spider-Verse (2018),ENTJ,0
Carlton Drake,Venom (2018),ENTJ,0
Peter Maximoff “Quicksilver”,X-Men Cinematic Universe (2011-2020),ENTP,1.3k Pdb Votes
Wade Wilson “Deadpool”,Deadpool (2016),ENTP,3k Pdb Votes
"Logan ""Wolverine""",X-Men Cinematic Universe (2000-2009),ISTP,1.2k Pdb Votes
Erik Lehnsherr/Magneto (First Class),X-Men Cinematic Universe (2011-2020),INTJ,891 Pdb Votes
Charles Xavier (First Class),X-Men Cinematic Universe (2011-2020),INFJ,956 Pdb Votes
Vanessa Carlysle,Deadpool (2016),INFJ,309 Pdb Votes
Charles Xavier “Professor X”,X-Men Cinematic Universe (2000-2009),INFJ,594 Pdb Votes
Jean Grey (Phoenix),X-Men Cinematic Universe (2000-2009),ENFJ,262 Pdb Votes
Erik Lehnsherr “Magneto”,X-Men Cinematic Universe (2000-2009),INTJ,821 Pdb Votes
Yukio,Deadpool (2016),ENFP,112 Pdb Votes
Raven Darkhölme/Mystique (First Class),X-Men Cinematic Universe (2011-2020),ESFP,261 Pdb Votes
Wade Wilson “Deadpool”,X-Men Cinematic Universe (2000-2009),ENTP,69 Pdb Votes
Danielle Moonstar “Mirage”,X-Men Cinematic Universe (2011-2020),INFP,99 Pdb Votes
Kayla Silverfox,X-Men Cinematic Universe (2000-2009),ENFJ,20 Pdb Votes
Illyana Rasputin “Magik”,X-Men Cinematic Universe (2011-2020),ENTP,421 Pdb Votes
"Norin Radd ""Silver Surfer""",Fantastic Four (2005),INFP,42 Pdb Votes
"Johnny Storm ""Human Torch""",Fantastic Four (2005),ESTP,113 Pdb Votes
Sebastian Shaw,X-Men Cinematic Universe (2011-2020),ENTJ,105 Pdb Votes
Vuk,X-Men Cinematic Universe (2011-2020),INTJ,42 Pdb Votes
Donald Pierce,X-Men Cinematic Universe (2011-2020),ESTP,49 Pdb Votes
Victor Creed “Sabretooth”,X-Men Cinematic Universe (2000-2009),ESTP,55 Pdb Votes
Remy LeBeau “Gambit”,X-Men Cinematic Universe (2000-2009),ESTP,64 Pdb Votes
Laura Kinney “X-23”,X-Men Cinematic Universe (2011-2020),ISTP,147 Pdb Votes
Francis Freeman “Ajax”,Deadpool (2016),ISTP,202 Pdb Votes
Hank McCoy “Beast”,X-Men Cinematic Universe (2011-2020),INTP,272 Pdb Votes
Emma Frost,X-Men Cinematic Universe (2011-2020),ENTJ,165 Pdb Votes
Negasonic Teenage Warhead,Deadpool (2016),ISTP,154 Pdb Votes
Pietr Rasputin “Colossus”,Deadpool (2016),ISFJ,200 Pdb Votes
Raven Darkhölme “Mystique”,X-Men Cinematic Universe (2000-2009),ISTP,192 Pdb Votes
Lady Deathstrike,X-Men Cinematic Universe (2000-2009),ISTJ,15 Pdb Votes
John Wraith,X-Men Cinematic Universe (2000-2009),ESFJ,8 Pdb Votes
Chris Bradley,X-Men Cinematic Universe (2000-2009),INFP,11 Pdb Votes
"Roberto Da Costa ""Sunspot""",X-Men Cinematic Universe (2011-2020),ESFP,42 Pdb Votes
"Sam Guthrie ""Cannonball""",X-Men Cinematic Universe (2011-2020),INFP,50 Pdb Votes
X-24 (Wolverine Clone),X-Men Cinematic Universe (2011-2020),ISTP,39 Pdb Votes
Mariko Yashida,X-Men Cinematic Universe (2011-2020),ISFP,10 Pdb Votes
Caliban,X-Men Cinematic Universe (2011-2020),INTP,42 Pdb Votes
"Victor von Doom ""Doctor Doom""",Fantastic Four (2005),ENTJ,64 Pdb Votes
William Stryker,X-Men Cinematic Universe (2000-2009),ESTJ,33 Pdb Votes
Jean Grey (First Class),X-Men Cinematic Universe (2011-2020),ISFP,186 Pdb Votes
Jamie Madrox “Multiple Man”,X-Men Cinematic Universe (2000-2009),ESTP,17 Pdb Votes
"Cain Marko ""Juggernaut""",X-Men Cinematic Universe (2000-2009),ESTP,32 Pdb Votes
Firefist,Deadpool (2016),ISFP,180 Pdb Votes
Weasel,Deadpool (2016),ENTP,120 Pdb Votes
Kurt Wagner “Nightcrawler”,X-Men Cinematic Universe (2011-2020),INFP,141 Pdb Votes
Anna Marie “Rogue”,X-Men Cinematic Universe (2000-2009),INFP,213 Pdb Votes
Scott Summers “Cyclops”,X-Men Cinematic Universe (2000-2009),ISTJ,176 Pdb Votes
Armando Muñoz “Darwin”,X-Men Cinematic Universe (2011-2020),XXXX,1 Pdb Vote
Elektra,Deadpool 3,XXXX,3 Pdb Votes
 ,New Mutants (2020),XXXX,14 Pdb Votes
"Cain Marko ""Juggernaut""",Deadpool (2016),ESTP,7 Pdb Votes
General Hager,Fantastic Four (2005),XXXX,2 Pdb Votes
Ned Cecil,Fantastic Four (2005),XXXX,2 Pdb Votes
Nurse Kelly,Fantastic Four (2005),XXXX,8 Pdb Votes
Willie Lumpkin,Fantastic Four (2005),XXXX,10 Pdb Votes
Axel “Zeitgeist” Cluney,Deadpool (2016),XXXX,13 Pdb Votes
Vanisher,Deadpool (2016),INTP,8 Pdb Votes
Rusty “Shatterstar”,Deadpool (2016),ESFP,4 Pdb Votes
Jesse “Bedlam” Aaronson,Deadpool (2016),ESTP,8 Pdb Votes
Peter W. “Sugarbear”,Deadpool (2016),ESFJ,10 Pdb Votes
Peter Rasputin “Colossus”,X-Men Cinematic Universe (2000-2009),ISFJ,8 Pdb Votes
Lucas Bishop “Bishop”,X-Men Cinematic Universe (2011-2020),INFJ,8 Pdb Votes
Toad,X-Men Cinematic Universe (2000-2009),ESTP,25 Pdb Votes
Sentinels,X-Men Cinematic Universe (2011-2020),ISTP,42 Pdb Votes
Deadpool (Movie Series),Deadpool (2016),ENTP,58 Pdb Votes
Agent Zero,X-Men Cinematic Universe (2000-2009),ISTP,11 Pdb Votes
Chris Bradley,X-Men Cinematic Universe (2011-2020),INFP,17 Pdb Votes
Janos Quested “Riptide”,X-Men Cinematic Universe (2011-2020),ISTJ,10 Pdb Votes
Azazel,X-Men Cinematic Universe (2011-2020),ISTP,31 Pdb Votes
Dr. Cecilia Reyes,X-Men Cinematic Universe (2011-2020),ISFJ,54 Pdb Votes
"Rahne Sinclair ""Wolfsbane""",X-Men Cinematic Universe (2011-2020),ISFP,21 Pdb Votes
"Franklin ""Foggy"" Nelson",Daredevil (2003),ENTP,11 Pdb Votes
Bullseye,Daredevil (2003),ESTP,41 Pdb Votes
Wilson Fisk / Kingpin,Daredevil (2003),ENTJ,10 Pdb Votes
Elektra Natchios,Daredevil (2003),ISFP,5 Pdb Votes
Matt Murdock / Daredevil,Daredevil (2003),INTJ,36 Pdb Votes
Senator Robert Kelly,X-Men Cinematic Universe (2000-2009),ESTJ,19 Pdb Votes
Blob,X-Men Cinematic Universe (2011-2020),ISFP,20 Pdb Votes
"Sean Cassidy ""Banshee""",X-Men Cinematic Universe (2011-2020),ESFP,16 Pdb Votes
Dr. Zander Rice,X-Men Cinematic Universe (2011-2020),ESTJ,51 Pdb Votes
Dr Harvey Allen,Fantastic Four (2015),XXXX,15 Pdb Votes
Dr Franklin Storm,Fantastic Four (2015),ENFJ,2 Pdb Votes
Victor von Doom “Doctor Doom”,Fantastic Four (2015),INTJ,6 Pdb Votes
"Ben Grimm ""The Thing""",Fantastic Four (2015),ISTP,12 Pdb Votes
"Sue Storm ""Invisible Woman""",Fantastic Four (2015),INFJ,8 Pdb Votes
"Johnny Storm ""Human Torch""",Fantastic Four (2015),ESTP,36 Pdb Votes
"Reed Richards ""Mr Fantastic""",Fantastic Four (2015),INTP,7 Pdb Votes
Alicia Masters,Fantastic Four (2005),ENFJ,24 Pdb Votes
Captain Frankie Raye,Fantastic Four (2005),ISTJ,50 Pdb Votes
Noburo Mori,X-Men Cinematic Universe (2011-2020),INTP,47 Pdb Votes
Ichirō Yashida “Silver Samurai”,X-Men Cinematic Universe (2011-2020),ENTJ,53 Pdb Votes
Shingen Yashida,X-Men Cinematic Universe (2011-2020),ESTJ,90 Pdb Votes
Yukio,X-Men Cinematic Universe (2011-2020),ENFP,79 Pdb Votes
Kenuichio Harada,X-Men Cinematic Universe (2011-2020),ISTP,0
"Ophelia Sarkissian ""Dr. Green""/""Viper""",X-Men Cinematic Universe (2011-2020),XXXX,0
Bolivar Trask,X-Men Cinematic Universe (2011-2020),INTJ,0
"Ben Grimm ""The Thing""",Fantastic Four (2005),ISFP,0
"Sue Storm ""Invisible Woman""",Fantastic Four (2005),ENFJ,0
"Reed Richards ""Mr. Fantastic""",Fantastic Four (2005),INTP,0
Kurt Wagner “Nightcrawler”,X-Men Cinematic Universe (2000-2009),INFP,0
Jubilation Lee “Jubilee”,X-Men Cinematic Universe (2011-2020),ESFP,42 Pdb Votes
"Ororo Munroe ""Storm""",X-Men Cinematic Universe (2011-2020),ISTP,31 Pdb Votes
Scott Summers/Cyclops (First Class),X-Men Cinematic Universe (2011-2020),ISTJ,66 Pdb Votes
Moira MacTaggert,X-Men Cinematic Universe (2011-2020),ISTJ,46 Pdb Votes
Dopinder,Deadpool (2016),INFP,94 Pdb Votes
Callisto,X-Men Cinematic Universe (2000-2009),ISTP,15 Pdb Votes
Angel Salvadore “Tempest”,X-Men Cinematic Universe (2011-2020),ESFP,38 Pdb Votes
Blind Al,Deadpool (2016),ESTP,57 Pdb Votes
Domino,Deadpool (2016),ISTP,133 Pdb Votes
Cable,Deadpool (2016),ESTJ,130 Pdb Votes
Warren Worthington III “Angel”,X-Men Cinematic Universe (2000-2009),ISFP,40 Pdb Votes
Elizabeth Braddock “Psylocke”,X-Men Cinematic Universe (2011-2020),INTJ,92 Pdb Votes
John Allerdyce “Pyro”,X-Men Cinematic Universe (2000-2009),ESTP,71 Pdb Votes
Bobby Drake “Iceman”,X-Men Cinematic Universe (2000-2009),ISFP,97 Pdb Votes
Clarice Ferguson “Blink”,X-Men Cinematic Universe (2011-2020),ENFP,40 Pdb Votes
Alex Summers “Havok”,X-Men Cinematic Universe (2011-2020),ESTP,80 Pdb Votes
En Sabah Nur “Apocalypse”,X-Men Cinematic Universe (2011-2020),ENTJ,119 Pdb Votes
Angel Dust,Deadpool (2016),ISTP,46 Pdb Votes
Kitty Pryde “Shadowcat”,X-Men Cinematic Universe (2011-2020),INFP,93 Pdb Votes
Ororo Munroe “Storm”,X-Men Cinematic Universe (2000-2009),ISFJ,135 Pdb Votes
Harleen Quinzel “Harley Quinn”,DC Extended Universe,ENFP,3k Pdb Votes
The Joker,DC Extended Universe,ESTP,756 Pdb Votes
Clark Kent “Superman”,DC Extended Universe,ISFJ,786 Pdb Votes
Barry Allen “The Flash”,DC Extended Universe,INFP,987 Pdb Votes
Diana Prince “Wonder Woman”,DC Extended Universe,ENFJ,1.2k Pdb Votes
"Kent Nelson ""Doctor Fate""",DC Extended Universe,INFJ,393 Pdb Votes
Adrian Chase “Vigilante”,DC Extended Universe,ENFP,497 Pdb Votes
Christopher Smith “Peacemaker”,DC Extended Universe,ESTJ,679 Pdb Votes
Arthur Curry “Aquaman”,DC Extended Universe,ESTP,463 Pdb Votes
Lex Luthor,DC Extended Universe,ENTP,370 Pdb Votes
Milagro Reyes,Blue Beetle (2023),ENTP,53 Pdb Votes
"Jaime ""Blue Beetle"" Reyes",Blue Beetle (2023),ENFP,174 Pdb Votes
"Teth-Adam ""Black Adam""",DC Extended Universe,ISTP,522 Pdb Votes
August “Auggie” Smith,DC Extended Universe,ESTJ,104 Pdb Votes
Freddy Freeman,DC Extended Universe,ENTP,282 Pdb Votes
Bruce Wayne “Batman”,DC Extended Universe,INTJ,956 Pdb Votes
Akséll Joan,DC Extended Universe,ENTJ,5 Pdb Votes
Akzell Bdavo,DC Extended Universe,ENFJ,6 Pdb Votes
Uncle Rudy Reyes,Blue Beetle (2023),ENTP,55 Pdb Votes
Jenny Kord,Blue Beetle (2023),INFP,112 Pdb Votes
Hespera,DC Extended Universe,ENTJ,24 Pdb Votes
Cleo Cazo “Ratcatcher 2”,DC Extended Universe,INFP,581 Pdb Votes
Abner Krill “Polka-Dot Man”,DC Extended Universe,INFP,337 Pdb Votes
Gaius Grieves “The Thinker”,DC Extended Universe,INTP,151 Pdb Votes
Nanaue / King Shark,DC Extended Universe,ISFP,334 Pdb Votes
The Joker (Snydercut),DC Extended Universe,ENTP,144 Pdb Votes
Uxas “Darkseid”,DC Extended Universe,ENTJ,117 Pdb Votes
Helena Bertinelli “Huntress”,DC Extended Universe,INTJ,151 Pdb Votes
"Thaddeus Sivana ""Doctor Sivana""",DC Extended Universe,INTJ,133 Pdb Votes
"Orm Marius ""Ocean Master""",DC Extended Universe,ISTJ,105 Pdb Votes
Steppenwolf,DC Extended Universe,ESTJ,88 Pdb Votes
Steve Trevor,DC Extended Universe,ESTP,196 Pdb Votes
Floyd Lawton “Deadshot”,DC Extended Universe,ISTP,146 Pdb Votes
Colonel Nathan Hardy,DC Extended Universe,XXXX,1 Pdb Vote
King Ricou,Aquaman (2018),INFJ,2 Pdb Votes
"John Stewart ""Green Lantern""",Zack Snyder's Justice League (2021),ISTJ,29 Pdb Votes
Nam-Ek,DC Extended Universe,ESTP,13 Pdb Votes
Alberto “Roberto” Reyes,Blue Beetle (2023),ENFJ,24 Pdb Votes
Rocio Reyes,Blue Beetle (2023),ESFJ,11 Pdb Votes
Nana,Blue Beetle (2023),ESTP,54 Pdb Votes
Dr. Sanchez,Blue Beetle (2023),INFP,20 Pdb Votes
Khaji-Da,Blue Beetle (2023),INTJ,17 Pdb Votes
Kalypso,DC Extended Universe,ESTJ,46 Pdb Votes
Anthea,DC Extended Universe,INFJ,29 Pdb Votes
Conrad Carapax,Blue Beetle (2023),ISTP,23 Pdb Votes
"Kara Zor-El ""Supergirl""",DC Extended Universe,ISFP,139 Pdb Votes
Shiruta,DC Extended Universe,XXXX,1 Pdb Vote
Hurut,DC Extended Universe,ENFJ,12 Pdb Votes
Shazam (Black Adam),DC Extended Universe,ISTJ,3 Pdb Votes
"Ishmael Gregor ""Sabbac""",DC Extended Universe,ENTJ,23 Pdb Votes
"Albert ""Al"" Pratt (Uncle Al)",DC Extended Universe,ENTJ,2 Pdb Votes
Samir,DC Extended Universe,XXXX,1 Pdb Vote
"Amon Tomaz ""Osiris""",DC Extended Universe,ENFP,30 Pdb Votes
Ahk-Ton,DC Extended Universe,ESTJ,6 Pdb Votes
Uncle Karim,DC Extended Universe,ENFP,5 Pdb Votes
Sabbac,DC Extended Universe,ENTJ,17 Pdb Votes
Victoria Kord,Blue Beetle (2023),ENTJ,38 Pdb Votes
"Maxine Hunkel ""Cyclone""",DC Extended Universe,ENFJ,69 Pdb Votes
"Adrianna Tomaz ""Isis""",DC Extended Universe,INFJ,21 Pdb Votes
"Carter Hall ""Hawkman""",DC Extended Universe,ISTJ,133 Pdb Votes
"Albert Rothstein ""Atom Smasher""",DC Extended Universe,ENFP,110 Pdb Votes
Detective Song,DC Extended Universe,ISTJ,14 Pdb Votes
John Economos,DC Extended Universe,INTP,80 Pdb Votes
Clemson Murn,DC Extended Universe,ISTJ,55 Pdb Votes
Leota Adebayo,DC Extended Universe,ENFP,59 Pdb Votes
Billy Batson,DC Extended Universe,ISFP,120 Pdb Votes
Camila,DC Extended Universe,ESFJ,2 Pdb Votes
"Otis Flannegan ""Ratcatcher""",DC Extended Universe,INFJ,213 Pdb Votes
Milton,DC Extended Universe,ISFJ,14 Pdb Votes
Calendar Man,DC Extended Universe,ENTP,16 Pdb Votes
Sebastian,DC Extended Universe,ISFJ,96 Pdb Votes
Mateo Suárez,DC Extended Universe,ESTJ,8 Pdb Votes
Silvio Luna,DC Extended Universe,ENFJ,40 Pdb Votes
Starro,DC Extended Universe,ISFP,60 Pdb Votes
Cory Pitzner “T.D.K.”,DC Extended Universe,ENTP,28 Pdb Votes
Weasel,DC Extended Universe,ENTP,100 Pdb Votes
Mongal,DC Extended Universe,ESTP,12 Pdb Votes
Gunter Braun “Javelin”,DC Extended Universe,ESFP,21 Pdb Votes
Emilia Harcourt,DC Extended Universe,ISTP,122 Pdb Votes
Richard Hertz “Blackguard”,DC Extended Universe,ESFP,66 Pdb Votes
Brian Durlin “Savant”,DC Extended Universe,ISTP,69 Pdb Votes
Sol Soria,DC Extended Universe,ENFJ,10 Pdb Votes
Incubus,DC Extended Universe,ISFP,2 Pdb Votes
"Slade Wilson ""Deathstroke""",DC Extended Universe,ISTP,21 Pdb Votes
Calvin Swanwick “Martian Manhunter”,DC Extended Universe,INFJ,36 Pdb Votes
Desaad,DC Extended Universe,ISTJ,38 Pdb Votes
Ryan Choi (The Atom),DC Extended Universe,ENTP,20 Pdb Votes
Robert DuBois “Bloodsport”,DC Extended Universe,ISTP,283 Pdb Votes
Maxwell Lord IV,DC Extended Universe,ENTP,182 Pdb Votes
Barbara Minerva “Cheetah”,DC Extended Universe,ISFP,152 Pdb Votes
Ellen Yee,DC Extended Universe,XXXX,9 Pdb Votes
Pedro Peña,DC Extended Universe,ISTP,37 Pdb Votes
Jesse Kane,DC Extended Universe,ESTJ,10 Pdb Votes
King Nereus,DC Extended Universe,ESTJ,3 Pdb Votes
Silas Stone,DC Extended Universe,INTP,25 Pdb Votes
Chief,DC Extended Universe,INFP,3 Pdb Votes
Sameer,DC Extended Universe,ESFP,4 Pdb Votes
Charlie,DC Extended Universe,ENTP,19 Pdb Votes
Erich Ludendorff,DC Extended Universe,ENTJ,6 Pdb Votes
Antiope,DC Extended Universe,ENTJ,35 Pdb Votes
Senator June Finch,DC Extended Universe,ISTJ,3 Pdb Votes
Cassandra Cain,DC Extended Universe,ISTP,67 Pdb Votes
Etta Candy,DC Extended Universe,ESFJ,21 Pdb Votes
Victor Zsasz,DC Extended Universe,ESFP,51 Pdb Votes
"Dinah Lance ""Black Canary""",DC Extended Universe,ISTP,116 Pdb Votes
Renee Montoya,DC Extended Universe,ISTJ,53 Pdb Votes
Roman Sionis “Black Mask”,DC Extended Universe,ESTP,126 Pdb Votes
Thomas Curry,DC Extended Universe,ISFJ,30 Pdb Votes
"The Wizard ""Shazam""",DC Extended Universe,ISFP,162 Pdb Votes
Eugene Choi,DC Extended Universe,INTP,49 Pdb Votes
Darla Dudley,DC Extended Universe,ESFJ,70 Pdb Votes
Mary Bromfield,DC Extended Universe,INFJ,80 Pdb Votes
Shazam / Captain Sparkle Fingers,DC Extended Universe,ESFP,255 Pdb Votes
Black Manta,DC Extended Universe,ISTP,141 Pdb Votes
Nuidis Vulko,DC Extended Universe,INTP,53 Pdb Votes
Queen Atlanna,DC Extended Universe,ENFJ,51 Pdb Votes
Mera,DC Extended Universe,ISFP,185 Pdb Votes
Isabel Maru “Doctor Poison”,DC Extended Universe,INTP,95 Pdb Votes
Ares,DC Extended Universe,INTJ,93 Pdb Votes
James Gordon,DC Extended Universe,ISTJ,38 Pdb Votes
Hippolyta,DC Extended Universe,INFJ,58 Pdb Votes
"Victor Stone ""Cyborg""",DC Extended Universe,ISTJ,195 Pdb Votes
Doomsday,DC Extended Universe,ISTP,44 Pdb Votes
Faora-Ul,DC Extended Universe,ISTJ,39 Pdb Votes
Jonathan Kent,DC Extended Universe,INTP,60 Pdb Votes
"Christopher Weiss ""Slipknot""",DC Extended Universe,ISTP,28 Pdb Votes
"Tatsu Yamashiro ""Katana""",DC Extended Universe,ISTJ,87 Pdb Votes
June Moone “Enchantress”,DC Extended Universe,INFJ,99 Pdb Votes
Chato Santana “El Diablo”,DC Extended Universe,ISFP,108 Pdb Votes
"Waylon Jones ""Killer Croc""",DC Extended Universe,ESTP,59 Pdb Votes
Digger Harkness “Captain Boomerang”,DC Extended Universe,ESTP,126 Pdb Votes
Rick Flag,DC Extended Universe,ISTJ,311 Pdb Votes
Amanda Waller,DC Extended Universe,ENTJ,262 Pdb Votes
Alfred Pennyworth,DC Extended Universe,INTP,170 Pdb Votes
Jor-El,DC Extended Universe,ENFJ,77 Pdb Votes
Martha Kent,DC Extended Universe,ISFJ,40 Pdb Votes
Perry White,DC Extended Universe,ESTJ,34 Pdb Votes
"Dru-Zod ""General Zod""",DC Extended Universe,ESTJ,226 Pdb Votes
Lois Lane,DC Extended Universe,ENFP,200 Pdb Votes
Loki Laufeyson,MCU: The Villains,INFJ,7.3k Pdb Votes
Thor Odinson,MCU: The Heroes,ESTP,5.2k Pdb Votes
Tony Stark “Iron Man”,MCU: The Heroes,ENTP,6.5k Pdb Votes
"Steve Rogers ""Captain America""",MCU: The Heroes,ISFJ,3.6k Pdb Votes
Peter Parker / Spider-Man,MCU: The Heroes,ENFP,5k Pdb Votes
"Wanda Maximoff ""Scarlet Witch""",MCU: The Heroes,INFP,5.8k Pdb Votes
Thanos,MCU: The Villains,INTJ,3.5k Pdb Votes
"Stephen Strange ""Doctor Strange""",MCU: The Heroes,INTJ,5.2k Pdb Votes
Drax,MCU: The Heroes,ESTP,1.3k Pdb Votes
"Perter Quill ""Star-Lord""",MCU: The Heroes,ESFP,2.6k Pdb Votes
Rocket Raccoon,MCU: The Heroes,ESTP,2.5k Pdb Votes
Hulk,MCU: The Heroes,ISFP,924 Pdb Votes
"Michelle ""MJ"" Jones-Watson",MCU: The Heroes,INTP,2.3k Pdb Votes
Bucky Barnes “Winter Soldier”,MCU: The Heroes,ISTP,1.8k Pdb Votes
Quentin Beck “Mysterio”,MCU: The Villains,ENFJ,1.8k Pdb Votes
King T’Challa “Black Panther”,MCU: The Heroes,ISFJ,1.3k Pdb Votes
"Carol Danvers ""Captain Marvel""",MCU: The Heroes,ESFP,1.8k Pdb Votes
N'Jadaka “Erik Killmonger”,MCU: The Villains,ESFP,811 Pdb Votes
Hela,MCU: The Villains,ENTJ,792 Pdb Votes
"Bruce Banner ""Hulk""",MCU: The Heroes,INTP,2.1k Pdb Votes
"Natasha Romanoff ""Black Widow""",MCU: The Heroes,ISTP,2.5k Pdb Votes
Yelena Belova,MCU: The Heroes,ESFP,1.6k Pdb Votes
Mantis,MCU: The Heroes,INFP,1.2k Pdb Votes
"Sam Wilson ""Falcon"" / “Captain America”",MCU: The Heroes,ESFP,950 Pdb Votes
"Marc Spector ""Moon Knight""",MCU: The Heroes,ISTP,1k Pdb Votes
"Kamala Khan ""Ms. Marvel""",MCU: The Heroes,ENFP,430 Pdb Votes
"Pepper Potts ""Rescue""",MCU: The Heroes,ISTJ,925 Pdb Votes
Gamora,MCU: The Heroes,ISTJ,1.3k Pdb Votes
"Scott Lang ""Ant-Man""",MCU: The Heroes,ENTP,1.9k Pdb Votes
Vision,MCU: The Heroes,INFJ,2k Pdb Votes
Ultron,MCU: The Villains,ENTJ,937 Pdb Votes
Wong,MCU: The Heroes,ISTJ,328 Pdb Votes
Winter Soldier (Hydra Agent),MCU: The Villains,ISTP,35 Pdb Votes
Dr. Michael Morbius,Morbius (2022),INFJ,356 Pdb Votes
Ikaris,MCU: The Villains,ISTJ,416 Pdb Votes
King Groot,MCU: The Heroes,INFP,258 Pdb Votes
James Rhodes “War Machine”,MCU: The Heroes,ISTJ,445 Pdb Votes
"Clint Barton ""Hawkeye""",MCU: The Heroes,ISTP,1.3k Pdb Votes
Dogpool (Dog Deadpool),Deadpool & Wolverine (2024),XXXX,3 Pdb Votes
Ladypool (Lady Deadpool),Deadpool & Wolverine (2024),ESTP,2 Pdb Votes
Samuraipool (Samurai Deadpool),Deadpool & Wolverine (2024),XXXX,3 Pdb Votes
"Bruce Banner ""Hulk"" (Norton)",MCU: The Heroes,INFJ,77 Pdb Votes
Reed Richards  “Mister Fantastic” (Universe 838),MCU: Everyone Else,INTP,237 Pdb Votes
Druig,MCU: Everyone Else,INTJ,925 Pdb Votes
Ajak,MCU: The Heroes,ENFJ,239 Pdb Votes
Sprite,MCU: The Heroes,ESFP,381 Pdb Votes
Sersi,MCU: The Heroes,INFJ,539 Pdb Votes
Thena,MCU: The Heroes,ISTP,510 Pdb Votes
Xu Xialing,MCU: The Heroes,INTJ,670 Pdb Votes
Heimdall,MCU: The Heroes,ISFJ,196 Pdb Votes
Adrian Toomes “Vulture”,MCU: The Villains,ENTJ,311 Pdb Votes
Justin Hammer,MCU: The Villains,ENTP,163 Pdb Votes
Nebula,MCU: The Heroes,ISTJ,1k Pdb Votes
Groot,MCU: The Heroes,ISFJ,581 Pdb Votes
Darkhold,MCU: Everyone Else,ENTP,4 Pdb Votes
Teefs,Guardians of the Galaxy Vol. 3 (2023),INFP,39 Pdb Votes
Gamora (2014),Guardians of the Galaxy Vol. 3 (2023),ISTP,110 Pdb Votes
Floor,Guardians of the Galaxy Vol. 3 (2023),ESFP,99 Pdb Votes
Nathaniel Richards “Kang the Conqueror”,MCU: The Villains,ENTJ,315 Pdb Votes
K’uk’ulkan “Namor the Sub-Mariner”,MCU: The Villains,ENTJ,443 Pdb Votes
Love,Thor: Love and Thunder (2022),INFP,46 Pdb Votes
Gorr the God Butcher,MCU: The Villains,INTJ,348 Pdb Votes
Sinister Strange,MCU: The Villains,INTJ,225 Pdb Votes
Defender Strange,MCU: Everyone Else,ENTJ,84 Pdb Votes
Lucien “Milo” Crown,Morbius (2022),ESTP,164 Pdb Votes
Gilgamesh,MCU: The Heroes,ISFJ,172 Pdb Votes
Makkari,MCU: The Heroes,ENFP,296 Pdb Votes
Phastos,MCU: The Heroes,INTP,279 Pdb Votes
Ying Nan,MCU: Everyone Else,ISFJ,49 Pdb Votes
Ying Li,MCU: Everyone Else,INFJ,101 Pdb Votes
Xu Wenwu “Mandarin”,MCU: The Villains,ESTJ,554 Pdb Votes
Xu Shang-Chi,MCU: The Heroes,ISFP,682 Pdb Votes
Kingo,MCU: The Heroes,ESTP,352 Pdb Votes
Gabe Jones,MCU: Everyone Else,ESFP,9 Pdb Votes
Broker,MCU: Everyone Else,ISFJ,16 Pdb Votes
Tommy Maximoff “Speed”,MCU: Everyone Else,ESFP,189 Pdb Votes
"Billy Maximoff ""Wiccan""",MCU: Everyone Else,INFJ,310 Pdb Votes
Melina Vostokoff,MCU: Everyone Else,ISTJ,329 Pdb Votes
William Ginter Riva,MCU: Everyone Else,INTP,36 Pdb Votes
Brad Davis,MCU: Everyone Else,ESTP,71 Pdb Votes
Cloak of Levitation,MCU: Everyone Else,ENTP,139 Pdb Votes
Yon-Rogg,MCU: The Villains,INTJ,117 Pdb Votes
Roger Harrington,MCU: Everyone Else,ESFJ,42 Pdb Votes
Jonathan Pangborn,MCU: Everyone Else,ISTP,33 Pdb Votes
Phineas Mason “Tinkerer”,MCU: The Villains,INTP,59 Pdb Votes
Cassie Lang “Stature”,MCU: Everyone Else,INFP,495 Pdb Votes
Edward Ned Leeds,MCU: The Heroes,ENTP,639 Pdb Votes
Luis,MCU: The Heroes,ENFP,336 Pdb Votes
Ebony Maw,MCU: The Villains,ESTJ,212 Pdb Votes
"Princess Shuri ""Black Panther""",MCU: The Heroes,ENTP,960 Pdb Votes
M’Baku,MCU: The Heroes,ESTJ,219 Pdb Votes
General Okoye,MCU: The Heroes,ISTJ,417 Pdb Votes
Frigga,MCU: Everyone Else,ENFJ,198 Pdb Votes
Grandmaster,MCU: The Villains,ENTP,391 Pdb Votes
"Brunnhilde ""King Valkyrie""",MCU: The Heroes,ISTP,565 Pdb Votes
Ego,MCU: The Villains,ENFJ,660 Pdb Votes
Christine Palmer,MCU: Everyone Else,ENFJ,226 Pdb Votes
Kaecilius,MCU: The Villains,INTJ,190 Pdb Votes
The Ancient One,MCU: The Heroes,INFJ,807 Pdb Votes
Baron Karl Mordo,MCU: The Villains,ISTJ,174 Pdb Votes
Johann Schmidt “Red Skull”,MCU: The Villains,ENTJ,238 Pdb Votes
Harold “Happy” Hogan,MCU: The Heroes,ISTJ,309 Pdb Votes
Yondu Udonta,MCU: The Heroes,ESTP,493 Pdb Votes
Baron Helmut Zemo,MCU: The Villains,INTJ,878 Pdb Votes
Maria Hill,MCU: The Heroes,ISTJ,204 Pdb Votes
Nick Fury,MCU: The Heroes,ENTJ,893 Pdb Votes
Hank Pym / Ant-Man,MCU: The Heroes,INTP,388 Pdb Votes
Shalla-Bal “The Silver Surfer”,The Fantastic Four (2025),XXXX,19 Pdb Votes
The Void (Sentry Dark Side),Avengers: Secret Wars [2027],XXXX,17 Pdb Votes
The Maker,Avengers: Secret Wars [2027],XXXX,17 Pdb Votes
Sentry,Avengers: Secret Wars [2027],XXXX,18 Pdb Votes
H.E.R.B.I.E. (Humanoid Experimental Robot B-Type),The Fantastic Four (2025),XXXX,10 Pdb Votes
Dazzler,Deadpool & Wolverine (2024),XXXX,1 Pdb Vote
"Galan of Taa / ""Galactus""",The Fantastic Four (2025),XXXX,3 Pdb Votes
Ben Grimm “The Thing”,The Fantastic Four (2025),ESFJ,2 Pdb Votes
Johnny Storm “Human Torch”,The Fantastic Four (2025),ESFP,4 Pdb Votes
Sue Storm “Invisible Woman”,The Fantastic Four (2025),ENFJ,1 Pdb Vote
Reed Richards “Mr. Fantastic”,The Fantastic Four (2025),INTP,10 Pdb Votes
Wolverine Patch,Deadpool & Wolverine (2024),XXXX,2 Pdb Votes
Cassandra Nova,Deadpool & Wolverine (2024),XXXX,1 Pdb Vote
Elektra,Deadpool & Wolverine (2024),XXXX,5 Pdb Votes
Paradox,Deadpool & Wolverine (2024),ESTJ,2 Pdb Votes
Mikhail Uriokovitch Ursus ''Ursa Major'',MCU: Everyone Else,XXXX,4 Pdb Votes
Oksana,MCU: Everyone Else,XXXX,3 Pdb Votes
Lt. Colonel James Rhodes,Iron Man (2008),ISTJ,2 Pdb Votes
Red Hulk,Captain America: Brave New World (2025),XXXX,11 Pdb Votes
Cobra,Captain America: Brave New World (2025),XXXX,2 Pdb Votes
Leila Taylor,Captain America: Brave New World (2025),XXXX,33 Pdb Votes
Sabra,Captain America: Brave New World (2025),XXXX,1 Pdb Vote
Dave,Ant-Man (2015),ESFP,4 Pdb Votes
Black Priests,Doctor Strange 3: Time Runs Out (2026),INTJ,12 Pdb Votes
Placeholder,Avengers: Secret Wars (2027),XXXX,3 Pdb Votes
Placeholder,Blade (2025),XXXX,3 Pdb Votes
Beyonder (MCU),Avengers: Secret Wars [2027],XXXX,17 Pdb Votes
Maria Rambeau (Mutant),The Marvels (2023),XXXX,11 Pdb Votes
"Hank McCoy ""Beast""",The Marvels (2023),INTP,7 Pdb Votes
Emperor Dro'ge,The Marvels (2023),ISTJ,1 Pdb Vote
Doctor Doom,Avengers: Secret Wars [2027],XXXX,104 Pdb Votes
The Beyonder(MCU),MCU: Everyone Else,XXXX,73 Pdb Votes
Jason Quill,Guardians of the Galaxy Vol. 3 (2023),XXXX,2 Pdb Votes
War Pig,Guardians of the Galaxy Vol. 3 (2023),ISTP,470 Pdb Votes
Ura,Guardians of the Galaxy Vol. 3 (2023),XXXX,166 Pdb Votes
Lego Palpatine,Spider-Man: Homecoming (2017),INTJ,15 Pdb Votes
Lego Palpatine,MCU: Everyone Else,XXXX,49 Pdb Votes
Nebula (2014),Avengers: Endgame (2019),ISTJ,2 Pdb Votes
Red Lady,Guardians of the Galaxy Vol. 3 (2023),XXXX,7 Pdb Votes
The Black Widow Program,MCU: The Villains,XXXX,42 Pdb Votes
Simon Williams “Wonder Man”,MCU: The Heroes,XXXX,5 Pdb Votes
Lambshank,Guardians of the Galaxy Vol. 3 (2023),ISFJ,137 Pdb Votes
Dar-Benn,The Marvels (2023),INTJ,12 Pdb Votes
King Cobra,MCU: The Villains,XXXX,10 Pdb Votes
Diamondback,MCU: The Villains,XXXX,16 Pdb Votes
Jacques Dernier,Captain America: The First Avenger (2011),XXXX,29 Pdb Votes
Lorraine,Captain America: The First Avenger (2011),XXXX,13 Pdb Votes
Brandt,Captain America: The First Avenger (2011),XXXX,36 Pdb Votes
Gilmore Hodge,Captain America: The First Avenger (2011),XXXX,10 Pdb Votes
Blurp,Guardians of the Galaxy Vol. 3 (2023),ISFP,41 Pdb Votes
Carrot Head,Guardians of the Galaxy Vol. 3 (2023),INFP,18 Pdb Votes
James Montgomery Falsworth (Union Jack),Captain America: The First Avenger (2011),ESTP,72 Pdb Votes
Bletelsnort,Guardians of the Galaxy Vol. 3 (2023),ESFJ,37 Pdb Votes
Karja,Guardians of the Galaxy Vol. 3 (2023),ENTP,69 Pdb Votes
Vim,Guardians of the Galaxy Vol. 3 (2023),ISTJ,18 Pdb Votes
Theel,Guardians of the Galaxy Vol. 3 (2023),ISFJ,13 Pdb Votes
Mainframe,Guardians of the Galaxy Vol. 3 (2023),INFP,7 Pdb Votes
Lylla,Guardians of the Galaxy Vol. 3 (2023),ENFJ,38 Pdb Votes
Cosmo The Spacedog,Guardians of the Galaxy Vol. 3 (2023),ENFP,40 Pdb Votes
Floor,MCU: Everyone Else,XXXX,41 Pdb Votes
Lylla,MCU: Everyone Else,ENFJ,22 Pdb Votes
The High Evolutionary,MCU: The Villains,ENTJ,55 Pdb Votes
Adam Warlock,MCU: The Heroes,ISFP,49 Pdb Votes
Yan D' Aladna,The Marvels (2023),ESTJ,143 Pdb Votes
M.O.D.O.K.,MCU: The Villains,ESTJ,32 Pdb Votes
Gilmore Hodge,MCU: Everyone Else,XXXX,0
Cosmo,MCU: Everyone Else,INFP,0
Namora,MCU: The Villains,ISTJ,0
Karen “Suit Lady”,MCU: Everyone Else,ISFJ,0
Riri Williams “Ironheart”,MCU: The Heroes,ESTP,0
Mjolnir,MCU: Everyone Else,ISFJ,0
Toothgrinder,Thor: Love and Thunder (2022),ENFP,0
Toothgnasher,Thor: Love and Thunder (2022),ENTP,0
Eternity,Thor: Love and Thunder (2022),INTJ,0
"Bao, God of Dumplings",Thor: Love and Thunder (2022),ENFP,0
Rapu,MCU: Everyone Else,ESFP,0
King Yakan,MCU: Everyone Else,ISFJ,0
Axl,Thor: Love and Thunder (2022),ENFJ,0
Hercules Panhellenios,Thor: Love and Thunder (2022),ESFP,0
Zeus,MCU: The Villains,ESTP,0
fat guy sippin coffee,Morbius (2022),ISTP,0
Wanda Maximoff (Universe-838),Doctor Strange in the Multiverse of Madness (2022),INFP,0
Christine Palmer (Earth-838),Doctor Strange in the Multiverse of Madness (2022),ESTJ,0
Pizza Poppa,Doctor Strange in the Multiverse of Madness (2022),ESTP,0
Emil Nicholas,Morbius (2022),ISFJ,0
Charles Xavier “Professor X” (Earth-838),Doctor Strange in the Multiverse of Madness (2022),INFJ,0
Baron Kal Mordo (Earth-838),MCU: Everyone Else,ISTJ,0
Supreme  Strange,Doctor Strange in the Multiverse of Madness (2022),INTJ,0
Maria Rambeau “Captain Marvel” (Earth-838),MCU: Everyone Else,ESTJ,0
Clea,Doctor Strange in the Multiverse of Madness (2022),ENTJ,0
"Blackagar Boltagon ""Black Bolt"" (Universe 838)",MCU: Everyone Else,ENTJ,0
Captain Carter (Universe 838),MCU: Everyone Else,ENTJ,0
Agent P. Cleary,MCU: Everyone Else,ENTP,0
Agent Simon Stroud,Morbius (2022),ISTJ,5 Pdb Votes
Emil Nikos,Morbius (2022),INFP,3 Pdb Votes
America Chavez,MCU: The Heroes,ISFP,413 Pdb Votes
Gargantos,Doctor Strange in the Multiverse of Madness (2022),ISTJ,21 Pdb Votes
Andre Wilson,MCU: Everyone Else,ESTJ,12 Pdb Votes
FRIDAY,MCU: Everyone Else,ISTJ,45 Pdb Votes
Jackson Norriss,MCU: Everyone Else,ESTP,1 Pdb Vote
"Eros ""Starfox""",MCU: The Heroes,ENTP,84 Pdb Votes
Agent Rodriguez,Morbius (2022),XXXX,8 Pdb Votes
Martine Bancroft,Morbius (2022),XXXX,33 Pdb Votes
"Dane Whitman ""Black Knight""",MCU: Everyone Else,INFP,83 Pdb Votes
Karun Patel,MCU: Everyone Else,ESFJ,36 Pdb Votes
Arishem the Judge,MCU: Everyone Else,INTJ,60 Pdb Votes
Kro,MCU: The Villains,ENTJ,24 Pdb Votes
Mrs. Chen,MCU: Everyone Else,INFJ,4 Pdb Votes
Dweller-in-Darkness,MCU: The Villains,ISTP,14 Pdb Votes
Great Protector,MCU: Everyone Else,INFJ,9 Pdb Votes
Guang Bo,MCU: Everyone Else,ISTJ,10 Pdb Votes
Jon Jon,MCU: Everyone Else,ESTP,14 Pdb Votes
Lila Barton,MCU: Everyone Else,ISFJ,29 Pdb Votes
Li Ching-Lin “Death Dealer”,MCU: The Villains,ISTP,14 Pdb Votes
Razor Fist,MCU: The Villains,ISTJ,18 Pdb Votes
Katy Chen,MCU: The Heroes,ESFP,867 Pdb Votes
Howard the Duck,MCU: Everyone Else,ESTP,33 Pdb Votes
E.D.I.T.H.,MCU: Everyone Else,INTJ,7 Pdb Votes
"Jackson Brice ""Shocker""",MCU: The Villains,ESTP,13 Pdb Votes
Councilman Singh,MCU: Everyone Else,ISTJ,6 Pdb Votes
Senator Brandt,MCU: Everyone Else,ISTJ,5 Pdb Votes
Jack Rollins,MCU: The Villains,ISTP,11 Pdb Votes
Karen,MCU: Everyone Else,ISFJ,9 Pdb Votes
Doris Toomes,MCU: Everyone Else,ESFJ,8 Pdb Votes
Anne Marie Hoag,MCU: Everyone Else,ESTJ,8 Pdb Votes
Cameron Klein,MCU: Everyone Else,INFP,9 Pdb Votes
Gef,MCU: Everyone Else,ESFP,5 Pdb Votes
Uzman,MCU: The Villains,ISTP,8 Pdb Votes
Nicodemus “Nic” West,MCU: Everyone Else,ISTJ,10 Pdb Votes
Gary,MCU: Everyone Else,ENFP,9 Pdb Votes
"Aaron Davis ""The Prowler""",MCU: Everyone Else,ISTP,34 Pdb Votes
Ian Boothby,MCU: Everyone Else,INFP,8 Pdb Votes
Councilwoman Hawley,MCU: Everyone Else,ESTJ,18 Pdb Votes
Roeder,MCU: The Villains,ISTJ,12 Pdb Votes
Taskmaster,MCU: The Villains,ISTJ,69 Pdb Votes
General Dreykov,MCU: The Villains,ENTJ,82 Pdb Votes
Rick Mason,MCU: Everyone Else,ISFP,20 Pdb Votes
"Alexei Shostakov ""Red Guardian""",MCU: Everyone Else,ESTP,304 Pdb Votes
The Supreme Intelligence,MCU: The Villains,INTJ,72 Pdb Votes
Miek,MCU: Everyone Else,ESTP,31 Pdb Votes
Leonard Samson,MCU: Everyone Else,INTP,26 Pdb Votes
Gale,MCU: Everyone Else,ESTJ,23 Pdb Votes
Christine Everhart,MCU: Everyone Else,ESTP,45 Pdb Votes
Akihiko (Yakuza Boss),MCU: Everyone Else,ISTJ,33 Pdb Votes
J.A.R.V.I.S.,MCU: Everyone Else,INTP,177 Pdb Votes
Vasily Karpov,MCU: The Villains,ISTJ,20 Pdb Votes
Julius Dell,MCU: Everyone Else,ESTP,27 Pdb Votes
J. Jonah Jameson,MCU: Everyone Else,ESTJ,119 Pdb Votes
Soren,MCU: Everyone Else,ISFJ,26 Pdb Votes
Georges Batroc,MCU: The Villains,ISTP,46 Pdb Votes
Dimitri Smerdyakov,MCU: The Villains,ISTP,27 Pdb Votes
Maria Stark,MCU: Everyone Else,ISFJ,30 Pdb Votes
Morgan H. Stark,MCU: Everyone Else,INFP,118 Pdb Votes
Stakar Ogord,MCU: Everyone Else,ESTJ,34 Pdb Votes
Norex,MCU: Everyone Else,ISFJ,27 Pdb Votes
Wendy Lawson “Captain Mar-Vell”,MCU: Everyone Else,INFJ,64 Pdb Votes
Goose,MCU: Everyone Else,ISFP,79 Pdb Votes
Bron-Char,MCU: Everyone Else,ESTJ,27 Pdb Votes
Att-Lass,MCU: Everyone Else,ISTJ,37 Pdb Votes
"Monica Rambeau “Photon""",MCU: The Heroes,ENFP,458 Pdb Votes
Minn-Erva,MCU: The Villains,ISTJ,37 Pdb Votes
Maria Rambeau,MCU: Everyone Else,ESFJ,47 Pdb Votes
Talos,MCU: Everyone Else,INFJ,130 Pdb Votes
Topaz,MCU: The Villains,ISTJ,47 Pdb Votes
Betty Brant,MCU: Everyone Else,ESFJ,123 Pdb Votes
Jim Morita,MCU: Everyone Else,ISTP,25 Pdb Votes
Abu Bakaar,MCU: The Villains,ESTJ,47 Pdb Votes
Raza Hamidmi Al-Wazar,MCU: The Villains,ISTP,35 Pdb Votes
Mitchell Carson,MCU: The Villains,ESTP,26 Pdb Votes
Heinz Kruger,MCU: The Villains,INTP,38 Pdb Votes
Mac Gargan “Scorpion”,MCU: The Villains,ISTP,34 Pdb Votes
Mr. Delmar,MCU: Everyone Else,ESTP,25 Pdb Votes
Ellen Brandt,MCU: The Villains,ISTP,23 Pdb Votes
President Matthew Ellis,MCU: Everyone Else,ISTJ,29 Pdb Votes
"Samuel Sterns “Mr. Blue""",MCU: Everyone Else,ENTP,32 Pdb Votes
Senator Stern,MCU: Everyone Else,ESTJ,46 Pdb Votes
Jasper Sitwell,MCU: The Villains,ISTJ,39 Pdb Votes
Surtur,MCU: The Villains,ESTJ,67 Pdb Votes
Betty Ross,MCU: Everyone Else,ENFJ,65 Pdb Votes
Laufey,MCU: The Villains,ISTJ,41 Pdb Votes
Ho Yinsen,MCU: Everyone Else,INFJ,78 Pdb Votes
Dormammu,MCU: The Villains,ENTJ,102 Pdb Votes
Watcher Informant (Stan Lee Cameos),MCU: Everyone Else,ENTP,69 Pdb Votes
Carina,MCU: Everyone Else,ISFP,42 Pdb Votes
Laura Barton,MCU: Everyone Else,ISFJ,62 Pdb Votes
Denarian Saal,MCU: Everyone Else,ISTJ,30 Pdb Votes
Rhomann Dey,MCU: Everyone Else,ESFJ,35 Pdb Votes
Nova Prime,MCU: Everyone Else,ESTJ,38 Pdb Votes
Dr. Darcy Lewis,MCU: Everyone Else,ENTP,849 Pdb Votes
James E. “Jimmy” Woo,MCU: Everyone Else,ISFJ,326 Pdb Votes
N'Jobu,MCU: Everyone Else,ISFP,50 Pdb Votes
Meredith Quill,MCU: Everyone Else,ESFP,36 Pdb Votes
Colonel Chester Phillips,MCU: Everyone Else,ESTJ,59 Pdb Votes
Abraham Erskine,MCU: Everyone Else,INTP,149 Pdb Votes
Flash Thompson,MCU: Everyone Else,ESTP,128 Pdb Votes
Herman Schultz “Shocker”,MCU: The Villains,ESTP,42 Pdb Votes
The Other,MCU: The Villains,ISTJ,33 Pdb Votes
Baron Wolfgang von Strucker,MCU: The Villains,ESTJ,51 Pdb Votes
Maggie Lang,MCU: Everyone Else,ESFJ,38 Pdb Votes
Jim Paxton,MCU: Everyone Else,ESTJ,42 Pdb Votes
Sonny Burch,MCU: The Villains,ESTP,46 Pdb Votes
Eric Savin,MCU: The Villains,ISTP,34 Pdb Votes
Harley Keener,MCU: Everyone Else,ENTP,194 Pdb Votes
Queen Ramonda,MCU: Everyone Else,ESTJ,130 Pdb Votes
Janet van Dyne / The Wasp,MCU: The Heroes,ESFJ,170 Pdb Votes
Korg,MCU: The Heroes,ENFP,262 Pdb Votes
May Parker,MCU: Everyone Else,ESFJ,286 Pdb Votes
Ayesha,MCU: The Villains,ESTJ,118 Pdb Votes
Taserface,MCU: The Villains,ESTP,58 Pdb Votes
Kraglin Obfonteri,MCU: The Heroes,ISFP,101 Pdb Votes
Trevor Slattery,MCU: Everyone Else,ENFP,95 Pdb Votes
Dave,MCU: Everyone Else,ESTP,40 Pdb Votes
Kurt Goreshter,MCU: Everyone Else,INTP,62 Pdb Votes
Hogun the Grim,MCU: Everyone Else,ISTJ,35 Pdb Votes
Volstagg the Voluminous,MCU: Everyone Else,ESFP,41 Pdb Votes
Fandral the Dashing,MCU: Everyone Else,ENTP,63 Pdb Votes
Liz Toomes,MCU: Everyone Else,ESFJ,99 Pdb Votes
Maya Hansen,MCU: Everyone Else,ESTP,47 Pdb Votes
Dr. Erik Selvig,MCU: Everyone Else,INTP,94 Pdb Votes
Eitri,MCU: Everyone Else,ISFP,59 Pdb Votes
Ava Starr “Ghost”,MCU: The Villains,ISFP,187 Pdb Votes
Bill Foster,MCU: Everyone Else,ESFJ,62 Pdb Votes
Zuri,MCU: Everyone Else,ISFJ,51 Pdb Votes
King T'Chaka,MCU: Everyone Else,ISFJ,64 Pdb Votes
Corvus Glaive,MCU: The Villains,ISTJ,60 Pdb Votes
Proxima Midnight,MCU: The Villains,ISTP,62 Pdb Votes
Cull Obsidian,MCU: The Villains,ESTP,63 Pdb Votes
Skurge,MCU: Everyone Else,ESTP,74 Pdb Votes
Everett K. Ross,MCU: Everyone Else,ESTJ,167 Pdb Votes
Ayo,MCU: The Heroes,ISTJ,126 Pdb Votes
W'Kabi,MCU: Everyone Else,ISTP,53 Pdb Votes
Nakia,MCU: The Heroes,ENFJ,349 Pdb Votes
Ulysses Klaue,MCU: The Villains,ESTP,128 Pdb Votes
Helen Cho,MCU: Everyone Else,INTP,64 Pdb Votes
Sif,MCU: The Heroes,ESTJ,128 Pdb Votes
Alexander Pierce,MCU: The Villains,ENTJ,171 Pdb Votes
Odin,MCU: The Heroes,ENTJ,305 Pdb Votes
Thaddeus Ross,MCU: Everyone Else,ESTJ,59 Pdb Votes
Taneleer Tivan “The Collector”,MCU: Everyone Else,INTJ,108 Pdb Votes
Kurse / Algrim,MCU: The Villains,ESTJ,37 Pdb Votes
Korath the Pursuer,MCU: The Villains,ISTJ,45 Pdb Votes
Malekith the Accursed,MCU: The Villains,ISTJ,68 Pdb Votes
Aldrich Killian,MCU: The Villains,ENTJ,156 Pdb Votes
Arnim Zola,MCU: The Villains,INTP,150 Pdb Votes
Emil Blonsky “Abomination”,MCU: The Villains,ESTJ,150 Pdb Votes
"Jane Foster ""The Mighty Thor""",MCU: The Heroes,INTP,677 Pdb Votes
Ivan Vanko “Whiplash”,MCU: The Villains,ISTP,144 Pdb Votes
Obadiah Stane “Iron Monger”,MCU: The Villains,ENTJ,219 Pdb Votes
Hope van Dyne “Wasp”,MCU: The Heroes,ISTJ,426 Pdb Votes
Darren Cross “Yellowjacket”,MCU: The Villains,ESTJ,134 Pdb Votes
Sharon Carter “Power Broker”,MCU: The Villains,ISTJ,384 Pdb Votes
Ronan the Accuser,MCU: The Villains,ISTJ,154 Pdb Votes
Brock Rumlow “Crossbones”,MCU: The Villains,ISTP,104 Pdb Votes
Pietro Maximoff “Quicksilver”,MCU: The Heroes,ESTP,406 Pdb Votes
The Joker,The Dark Knight Trilogy (2005),ENTP,4.2k Pdb Votes
Arthur Fleck/Joker,Joker (2019),INFP,4.7k Pdb Votes
Bruce Wayne “Batman”,The Batman (2022),INTJ,3.7k Pdb Votes
Bruce Wayne “Batman”,The Dark Knight Trilogy (2005),INTJ,2.2k Pdb Votes
Jonathan Crane “Scarecrow”,The Dark Knight Trilogy (2005),INTP,917 Pdb Votes
Edward Nashton “The Riddler”,The Batman (2022),INTP,2.7k Pdb Votes
Selina Kyle “Catwoman”,The Batman (2022),ESFP,1.6k Pdb Votes
Walter Kovacs / Rorschach,Watchmen (2009),ISTJ,630 Pdb Votes
Harleen Quinzel/Harley Quinn,Joker: Folie à Deux (2024),ENFP,44 Pdb Votes
Harleen Quinzel/Harley Quinn,Joker (2019),ENFP,5 Pdb Votes
Harvey Dent “Two-Face”,The Dark Knight Trilogy (2005),ENFJ,608 Pdb Votes
Bane,The Dark Knight Trilogy (2005),ENTJ,812 Pdb Votes
Miranda Tate / Talia Al Ghul,The Dark Knight Trilogy (2005),ENFJ,129 Pdb Votes
James Gordon,The Dark Knight Trilogy (2005),ISTJ,352 Pdb Votes
Adrian Veidt / Ozymandias,Watchmen (2009),INTJ,514 Pdb Votes
John “Robin” Blake,The Dark Knight Trilogy (2005),INTP,276 Pdb Votes
Alfred Pennyworth,The Dark Knight Trilogy (2005),ISFJ,393 Pdb Votes
The Joker,The Batman (2022),ENTP,260 Pdb Votes
Murray Franklin,Joker (2019),ESTP,397 Pdb Votes
Clark Kent / Superman,Superman (1978 Franchise),ISFJ,122 Pdb Votes
"Jack Napier ""Joker""",Batman (1989-1992),ENTJ,276 Pdb Votes
"Bruce Wayne ""Batman""",Batman (1989-1992),INTJ,296 Pdb Votes
Edward Blake / The Comedian,Watchmen (2009),ESTP,284 Pdb Votes
Lucius Fox,The Dark Knight Trilogy (2005),INTP,270 Pdb Votes
Bruce Wayne (Public Persona),The Batman (2022),INTJ,235 Pdb Votes
Joe Chill,The Dark Knight Trilogy (2005),ISTP,25 Pdb Votes
Barbara Gordon / Batgirl,Batman & Robin (1997),ENFJ,20 Pdb Votes
Dr. Pamela Isley / Poison Ivy,Batman & Robin (1997),ENTJ,121 Pdb Votes
Penny Fleck,Joker (2019),ISFJ,181 Pdb Votes
Thomas Wayne,Joker (2019),ESTJ,222 Pdb Votes
Sophie Dumond,Joker (2019),ISFP,110 Pdb Votes
Daniel Dreiberg / Nite Owl II,Watchmen (2009),ISFJ,135 Pdb Votes
Carmine Falcone,The Dark Knight Trilogy (2005),ESTJ,109 Pdb Votes
Rachel Dawes,The Dark Knight Trilogy (2005),ESFJ,258 Pdb Votes
Ra’s Al Ghul / “Henri Ducard”,The Dark Knight Trilogy (2005),INFJ,481 Pdb Votes
Gotham State Police Trooper,The Dark Knight Trilogy (2005),INTP,4 Pdb Votes
Una vida bien Gey,Joker (2019),ENFJ,10 Pdb Votes
Mike Houston,Joker: Folie à Deux (2024),ISTP,2 Pdb Votes
The Bookworm,Batman (1966),INTP,2 Pdb Votes
The Batman Theme Song,The Batman (2022),INTJ,54 Pdb Votes
Sugar,Batman Forever (1995),XXXX,1 Pdb Vote
"Barbara Gordon / ""Batgirl""",Batman (1966),ENFJ,32 Pdb Votes
Martinez,The Batman (2022),ENFP,73 Pdb Votes
James Gordon,The Batman (2022),ISTJ,280 Pdb Votes
Oswald Cobblepot “Penguin”,The Batman (2022),ESTP,416 Pdb Votes
Bruce,Joker (2019),INTJ,77 Pdb Votes
Lau,The Dark Knight Trilogy (2005),ENTJ,34 Pdb Votes
Judge Faden,The Dark Knight Trilogy (2005),ESTP,4 Pdb Votes
Peter Foley,The Dark Knight Trilogy (2005),ESTJ,11 Pdb Votes
Arnold Flass,The Dark Knight Trilogy (2005),ESFP,26 Pdb Votes
Leonid Pavel,The Dark Knight Trilogy (2005),INTP,25 Pdb Votes
Gerard Stephens,The Dark Knight Trilogy (2005),ISTP,13 Pdb Votes
Anthony Garcia,The Dark Knight Trilogy (2005),XXXX,19 Pdb Votes
Michael Wuertz,The Dark Knight Trilogy (2005),ESTP,6 Pdb Votes
Gillian B. Loeb,The Dark Knight Trilogy (2005),ESTJ,10 Pdb Votes
Coleman Reese,The Dark Knight Trilogy (2005),INTP,27 Pdb Votes
Anna Ramirez,The Dark Knight Trilogy (2005),ESTJ,13 Pdb Votes
The Guy On The Boat,The Dark Knight Trilogy (2005),ISTJ,41 Pdb Votes
Sal Maroni,The Dark Knight Trilogy (2005),ESTJ,23 Pdb Votes
Martha Wayne,The Dark Knight Trilogy (2005),ESFJ,23 Pdb Votes
Detective Garrity,Joker (2019),ISFJ,18 Pdb Votes
Detective Burke,Joker (2019),ISTP,22 Pdb Votes
"Miss Kitka ""Catwoman""",Batman (1966),ESTP,12 Pdb Votes
Edward Nygma / The Riddler,Batman Forever (1995),ENTP,88 Pdb Votes
Gary,Joker (2019),ISFJ,77 Pdb Votes
"Selina Kyle ""Catwoman""",Batman (1989-1992),ESTP,132 Pdb Votes
"Oswald Cobblepot ""The Penguin""",Batman (1989-1992),ENFP,144 Pdb Votes
Ursa,Superman (1978 Franchise),ISTP,10 Pdb Votes
Jon Osterman / Dr. Manhattan,Watchmen (2009),INTP,450 Pdb Votes
Selina Kyle “Catwoman”,The Dark Knight Trilogy (2005),ESTP,413 Pdb Votes
Captain Parker,The Dark Knight Trilogy (2005),XXXX,1 Pdb Vote
Captain Jones,The Dark Knight Trilogy (2005),XXXX,5 Pdb Votes
Sophie,Joker: Folie à Deux (2024),XXXX,11 Pdb Votes
Harvey Dent,The Batman Part II (2026),XXXX,1 Pdb Vote
Karim,Black Adam (2022),XXXX,1 Pdb Vote
GiGi Dumond,Joker (2019),ENFP,2 Pdb Votes
Hoyt,Joker (2019),ESTJ,1 Pdb Vote
Banker,Batman & Robin (1997),XXXX,1 Pdb Vote
The Biker,Batman & Robin (1997),XXXX,1 Pdb Vote
Turkish Baths Leader,Batman & Robin (1997),XXXX,1 Pdb Vote
Nora Fries,Batman & Robin (1997),XXXX,4 Pdb Votes
Frosty,Batman & Robin (1997),XXXX,1 Pdb Vote
Dr. Lee,Batman & Robin (1997),INTP,28 Pdb Votes
Ms. B. Haven,Batman & Robin (1997),XXXX,56 Pdb Votes
Gossip Gerty,Batman Forever (1995),XXXX,30 Pdb Votes
Hawkins,Batman Forever (1995),XXXX,51 Pdb Votes
Margaret,Batman Forever (1995),ISTJ,192 Pdb Votes
Dr. Burton,Batman Forever (1995),INFJ,145 Pdb Votes
Fred Stickley,Batman Forever (1995),XXXX,9 Pdb Votes
Spice,Batman Forever (1995),XXXX,34 Pdb Votes
Martha Arkham-Wayne,The Batman (2022),ISFJ,36 Pdb Votes
Thomas Wayne,The Batman (2022),ENFJ,326 Pdb Votes
Annika Kosolov,The Batman (2022),ISFJ,0
Pete Savage,The Batman (2022),ESTJ,0
Bella Reál,The Batman (2022),ENFJ,0
Bruce Wayne (Persona),The Dark Knight Trilogy (2005),ESTP,0
Jimmy Olsen,Superman (1978 Franchise),ENFP,0
Don Mitchell Jr.,The Batman (2022),ESTJ,0
Mackenzie Bock,The Batman (2022),ESTJ,0
Carmine Falcone,The Batman (2022),ENTJ,0
Gil Colson,The Batman (2022),ISFJ,88 Pdb Votes
Alfred Pennyworth,The Batman (2022),ISFJ,213 Pdb Votes
Eve Teschmacher,Superman (1978 Franchise),ENFP,6 Pdb Votes
King Tut,Batman (1966),ENFP,2 Pdb Votes
Harriet Cooper,Batman (1966),ESFJ,2 Pdb Votes
Chief O'Hara,Batman (1966),ESFJ,2 Pdb Votes
Commissioner Gordon,Batman (1966),ISTJ,2 Pdb Votes
Alfred Pennyworth,Batman (1966),INFJ,4 Pdb Votes
Janey Slater,Watchmen (2009),ENFJ,11 Pdb Votes
Hooded Justice,Watchmen (2009),ISTP,3 Pdb Votes
Silhoutte,Watchmen (2009),ESTP,7 Pdb Votes
Wally Weaver,Watchmen (2009),ISTJ,2 Pdb Votes
Hollis Mason,Watchmen (2009),ISFJ,5 Pdb Votes
Moloch,Watchmen (2009),INTJ,5 Pdb Votes
Bernard,Watchmen (2009),ESFJ,2 Pdb Votes
Richard Nixon,Watchmen (2009),ESTP,5 Pdb Votes
The Clowns Movement,Joker (2019),ENTP,107 Pdb Votes
Barbara Gordon,The Dark Knight Trilogy (2005),ESFJ,11 Pdb Votes
Holly “Jen” Robinson,The Dark Knight Trilogy (2005),ISFP,21 Pdb Votes
John Barsad,The Dark Knight Trilogy (2005),ISTP,12 Pdb Votes
Douglas Fredericks,The Dark Knight Trilogy (2005),ISTJ,5 Pdb Votes
William Earle,The Dark Knight Trilogy (2005),ESTJ,11 Pdb Votes
Phillip Stryver,The Dark Knight Trilogy (2005),ISTJ,3 Pdb Votes
John Daggett,The Dark Knight Trilogy (2005),ESTJ,21 Pdb Votes
Victor Zsasz,The Dark Knight Trilogy (2005),ISFP,9 Pdb Votes
Mike Engel,The Dark Knight Trilogy (2005),XXXX,4 Pdb Votes
The Chechen,The Dark Knight Trilogy (2005),ESTP,15 Pdb Votes
Bane,Batman & Robin (1997),ISTP,11 Pdb Votes
Julie Madison,Batman & Robin (1997),XXXX,1 Pdb Vote
Dr. Jason Woodrue,Batman & Robin (1997),INTP,4 Pdb Votes
Commissioner James Gordon,Batman & Robin (1997),ISFJ,1 Pdb Vote
Gus Gorman,Superman (1978 Franchise),ENTP,6 Pdb Votes
Gambol,The Dark Knight Trilogy (2005),ESTJ,46 Pdb Votes
Thomas Wayne,The Dark Knight Trilogy (2005),ENFJ,69 Pdb Votes
Otis,Superman (1978 Franchise),ENTP,6 Pdb Votes
Debra Kane,Joker (2019),ISTJ,63 Pdb Votes
Gene Ufland,Joker (2019),ESTJ,20 Pdb Votes
Sally Jupiter / Silk Spectre,Watchmen (2009),ESFJ,51 Pdb Votes
The Riddler,Batman (1966),ENTP,46 Pdb Votes
The Penguin,Batman (1966),ESTJ,9 Pdb Votes
The Joker,Batman (1966),ENTP,81 Pdb Votes
"Dick Grayson ""Robin""",Batman (1966),ENFP,25 Pdb Votes
"Bruce Wayne ""Batman""",Batman (1966),INTJ,105 Pdb Votes
Dr. Chase Meridian,Batman Forever (1995),INFJ,10 Pdb Votes
Harvey Dent / Two-Face,Batman Forever (1995),ESTJ,20 Pdb Votes
Bruce Wayne / Batman,Batman Forever (1995),INTJ,43 Pdb Votes
Alfred Pennyworth,Batman & Robin (1997),ISFJ,7 Pdb Votes
Bruce Wayne / Batman,Batman & Robin (1997),INFJ,44 Pdb Votes
Dick Grayson / Robin,Batman & Robin (1997),ESFP,29 Pdb Votes
Dr. Victor Fries / Mr. Freeze,Batman & Robin (1997),ISTP,52 Pdb Votes
Randall,Joker (2019),ESTP,65 Pdb Votes
CIA Agent Bill Wilson,The Dark Knight Trilogy (2005),ESTP,66 Pdb Votes
"Charles ""Chip"" Shreck",Batman (1989-1992),ESTP,13 Pdb Votes
Max Shreck,Batman (1989-1992),ENTJ,64 Pdb Votes
Max Eckhardt,Batman (1989-1992),ESFP,9 Pdb Votes
Harvey Dent,Batman (1989-1992),ENTJ,18 Pdb Votes
Commissioner James Gordon,Batman (1989-1992),ESTJ,8 Pdb Votes
"Bob ""The Goon"" Hawkins",Batman (1989-1992),ISFJ,12 Pdb Votes
Carl Grissom,Batman (1989-1992),XXXX,15 Pdb Votes
Alfred Pennyworth,Batman (1989-1992),ISFJ,36 Pdb Votes
Non,Superman (1978 Franchise),ISTJ,10 Pdb Votes
Perry White,Superman (1978 Franchise),ESTJ,10 Pdb Votes
General Zod,Superman (1978 Franchise),ENTJ,18 Pdb Votes
Jor-El,Superman (1978 Franchise),ENFJ,24 Pdb Votes
Lois Lane,Superman (1978 Franchise),ESTP,40 Pdb Votes
Lex Luthor,Superman (1978 Franchise),ENTJ,29 Pdb Votes
Alexander Knox,Batman (1989-1992),ENTP,18 Pdb Votes
Vicki Vale,Batman (1989-1992),INFJ,39 Pdb Votes
Laurie Juspeczyk / Silk Spectre II,Watchmen (2009),ISFP,112 Pdb Votes
